,posts_count,date,subreddit,comments_count,comments_per_post
0,1892.0,2019-05-01,askreddit,14054.0,7.428118393234672
1,15817.0,2019-05-02,askreddit,258689.0,16.355124233419737
2,14822.0,2019-05-03,askreddit,240417.0,16.220280663878018
3,14023.0,2019-05-04,askreddit,213052.0,15.193040005704914
4,15248.0,2019-05-05,askreddit,240292.0,15.758919202518364
5,15681.0,2019-05-06,askreddit,226120.0,14.419998724571137
6,15553.0,2019-05-07,askreddit,240533.0,15.465376454703273
7,15129.0,2019-05-08,askreddit,237829.0,15.720074030008593
8,14605.0,2019-05-09,askreddit,243105.0,16.645326942827797
9,13964.0,2019-05-10,askreddit,204825.0,14.668075050128904
10,13035.0,2019-05-11,askreddit,192360.0,14.757192174913694
11,14432.0,2019-05-12,askreddit,191962.0,13.301136363636363
12,13811.0,2019-05-13,askreddit,207818.0,15.047281152704366
13,14944.0,2019-05-14,askreddit,227558.0,15.227382226980728
14,15116.0,2019-05-15,askreddit,231408.0,15.308811854988091
15,14894.0,2019-05-16,askreddit,211800.0,14.220491473076407
16,14514.0,2019-05-17,askreddit,228967.0,15.775595976298746
17,11344.0,2019-05-18,askreddit,207543.0,18.29539844851904
18,13171.0,2019-05-19,askreddit,206035.0,15.643079492825146
19,12875.0,2019-05-20,askreddit,180329.0,14.006135922330097
20,13694.0,2019-05-21,askreddit,200478.0,14.63984226668614
21,14130.0,2019-05-22,askreddit,207800.0,14.706298655343241
22,13114.0,2019-05-23,askreddit,195942.0,14.941436632606376
23,12890.0,2019-05-24,askreddit,204219.0,15.843211792086889
24,11880.0,2019-05-25,askreddit,172139.0,14.489814814814816
25,12216.0,2019-05-26,askreddit,175827.0,14.393172888015718
26,13558.0,2019-05-27,askreddit,219813.0,16.212789496975955
27,14532.0,2019-05-28,askreddit,281354.0,19.360996421690064
28,14492.0,2019-05-29,askreddit,273049.0,18.84136075075904
29,15055.0,2019-05-30,askreddit,256909.0,17.06469611424776
30,14619.0,2019-05-31,askreddit,299182.0,20.465284903208154
31,13360.0,2019-06-01,askreddit,208195.0,15.583458083832335
32,14436.0,2019-06-02,askreddit,231849.0,16.060473815461346
33,15044.0,2019-06-03,askreddit,244472.0,16.250465301781443
34,15771.0,2019-06-04,askreddit,288978.0,18.323378352672627
35,15645.0,2019-06-05,askreddit,259206.0,16.5679769894535
36,14625.0,2019-06-06,askreddit,253594.0,17.339760683760684
37,13601.0,2019-06-07,askreddit,213000.0,15.660613190206602
38,12859.0,2019-06-08,askreddit,220523.0,17.149311766078235
39,13337.0,2019-06-09,askreddit,230137.0,17.255529729324437
40,13873.0,2019-06-10,askreddit,226699.0,16.341022129315938
41,14100.0,2019-06-11,askreddit,266611.0,18.90858156028369
42,15382.0,2019-06-12,askreddit,252842.0,16.437524379144456
43,14726.0,2019-06-13,askreddit,255905.0,17.377767214450632
44,14550.0,2019-06-14,askreddit,246301.0,16.92790378006873
45,13499.0,2019-06-15,askreddit,223522.0,16.558411734202533
46,14885.0,2019-06-16,askreddit,210460.0,14.139066174000671
47,14192.0,2019-06-17,askreddit,235246.0,16.57595828635851
48,14454.0,2019-06-18,askreddit,272362.0,18.843365158433652
49,15431.0,2019-06-19,askreddit,269850.0,17.48752511178796
50,15317.0,2019-06-20,askreddit,262090.0,17.111053078279035
51,14340.0,2019-06-21,askreddit,256917.0,17.916108786610877
52,13305.0,2019-06-22,askreddit,226395.0,17.015783540022547
53,14401.0,2019-06-23,askreddit,235237.0,16.334768418859802
54,15693.0,2019-06-24,askreddit,249299.0,15.886000127445358
55,14862.0,2019-06-25,askreddit,232278.0,15.628986677432378
56,14925.0,2019-06-26,askreddit,272868.0,18.282613065326633
57,15004.0,2019-06-27,askreddit,268194.0,17.874833377765928
58,14377.0,2019-06-28,askreddit,255213.0,17.7514780552271
59,13120.0,2019-06-29,askreddit,220408.0,16.79939024390244
60,13111.0,2019-06-30,askreddit,201812.0,15.392571123484098
61,13818.0,2019-07-01,askreddit,216989.0,15.703357938920249
62,13825.0,2019-07-02,askreddit,252445.0,18.260036166365282
63,13206.0,2019-07-03,askreddit,224643.0,17.0106769650159
64,13578.0,2019-07-04,askreddit,237233.0,17.47186625423479
65,13049.0,2019-07-05,askreddit,221523.0,16.97624339029811
66,13244.0,2019-07-06,askreddit,241683.0,18.248489882210812
67,13207.0,2019-07-07,askreddit,203044.0,15.373968350117362
68,14035.0,2019-07-08,askreddit,227912.0,16.23883149269683
69,15058.0,2019-07-09,askreddit,308845.0,20.510359941559305
70,15186.0,2019-07-10,askreddit,276019.0,18.1758856841828
71,15186.0,2019-07-11,askreddit,274564.0,18.08007375214013
72,15720.0,2019-07-12,askreddit,280607.0,17.85031806615776
73,15215.0,2019-07-13,askreddit,285981.0,18.795990798554058
74,15208.0,2019-07-14,askreddit,270276.0,17.771962125197266
75,14961.0,2019-07-15,askreddit,246759.0,16.493483055945457
76,16759.0,2019-07-16,askreddit,332600.0,19.846052867116175
77,16251.0,2019-07-17,askreddit,278392.0,17.13076118392714
78,16361.0,2019-07-18,askreddit,305895.0,18.696595562618423
79,15427.0,2019-07-19,askreddit,272385.0,17.656381668503272
80,14684.0,2019-07-20,askreddit,258885.0,17.6304140561155
81,14697.0,2019-07-21,askreddit,210544.0,14.325644689392393
82,16387.0,2019-07-22,askreddit,279322.0,17.045340818941845
83,16823.0,2019-07-23,askreddit,285947.0,16.997384533079714
84,16492.0,2019-07-24,askreddit,288121.0,17.470349260247392
85,16840.0,2019-07-25,askreddit,241888.0,14.363895486935867
86,17633.0,2019-07-26,askreddit,283085.0,16.05427323767935
87,17116.0,2019-07-27,askreddit,249604.0,14.583080158915635
88,16596.0,2019-07-28,askreddit,262019.0,15.788081465413352
89,16467.0,2019-07-29,askreddit,248444.0,15.087386895002126
90,16117.0,2019-07-30,askreddit,246070.0,15.267729726375876
91,35.0,2019-05-01,askscience,148.0,4.228571428571429
92,457.0,2019-05-02,askscience,1534.0,3.3566739606126914
93,444.0,2019-05-03,askscience,1006.0,2.265765765765766
94,368.0,2019-05-04,askscience,1185.0,3.220108695652174
95,402.0,2019-05-05,askscience,771.0,1.9179104477611941
96,370.0,2019-05-06,askscience,976.0,2.637837837837838
97,400.0,2019-05-07,askscience,1098.0,2.745
98,470.0,2019-05-08,askscience,1497.0,3.1851063829787236
99,393.0,2019-05-09,askscience,1220.0,3.104325699745547
100,362.0,2019-05-10,askscience,1253.0,3.4613259668508287
101,395.0,2019-05-11,askscience,1142.0,2.891139240506329
102,395.0,2019-05-12,askscience,906.0,2.293670886075949
103,366.0,2019-05-13,askscience,886.0,2.420765027322404
104,398.0,2019-05-14,askscience,1247.0,3.1331658291457285
105,369.0,2019-05-15,askscience,1127.0,3.05420054200542
106,375.0,2019-05-16,askscience,1312.0,3.498666666666667
107,406.0,2019-05-17,askscience,1161.0,2.8596059113300494
108,330.0,2019-05-18,askscience,875.0,2.6515151515151514
109,353.0,2019-05-19,askscience,900.0,2.54957507082153
110,326.0,2019-05-20,askscience,706.0,2.165644171779141
111,339.0,2019-05-21,askscience,669.0,1.9734513274336283
112,380.0,2019-05-22,askscience,1257.0,3.307894736842105
113,355.0,2019-05-23,askscience,1346.0,3.7915492957746477
114,329.0,2019-05-24,askscience,875.0,2.6595744680851063
115,288.0,2019-05-25,askscience,966.0,3.3541666666666665
116,338.0,2019-05-26,askscience,940.0,2.7810650887573964
117,330.0,2019-05-27,askscience,1478.0,4.4787878787878785
118,352.0,2019-05-28,askscience,873.0,2.4801136363636362
119,369.0,2019-05-29,askscience,941.0,2.5501355013550135
120,341.0,2019-05-30,askscience,1099.0,3.222873900293255
121,376.0,2019-05-31,askscience,1204.0,3.202127659574468
122,362.0,2019-06-01,askscience,1316.0,3.6353591160220993
123,359.0,2019-06-02,askscience,1100.0,3.064066852367688
124,402.0,2019-06-03,askscience,1170.0,2.91044776119403
125,327.0,2019-06-04,askscience,827.0,2.529051987767584
126,373.0,2019-06-05,askscience,1081.0,2.8981233243967828
127,350.0,2019-06-06,askscience,1079.0,3.0828571428571427
128,342.0,2019-06-07,askscience,895.0,2.6169590643274856
129,326.0,2019-06-08,askscience,2260.0,6.932515337423313
130,345.0,2019-06-09,askscience,1042.0,3.020289855072464
131,308.0,2019-06-10,askscience,473.0,1.5357142857142858
132,344.0,2019-06-11,askscience,1967.0,5.718023255813954
133,355.0,2019-06-12,askscience,1119.0,3.152112676056338
134,353.0,2019-06-13,askscience,1444.0,4.090651558073654
135,304.0,2019-06-14,askscience,648.0,2.1315789473684212
136,348.0,2019-06-15,askscience,1284.0,3.689655172413793
137,417.0,2019-06-16,askscience,1131.0,2.712230215827338
138,380.0,2019-06-17,askscience,1474.0,3.8789473684210525
139,401.0,2019-06-18,askscience,1243.0,3.0997506234413965
140,337.0,2019-06-19,askscience,1321.0,3.919881305637982
141,339.0,2019-06-20,askscience,1694.0,4.997050147492625
142,343.0,2019-06-21,askscience,2034.0,5.930029154518951
143,309.0,2019-06-22,askscience,719.0,2.3268608414239482
144,353.0,2019-06-23,askscience,965.0,2.73371104815864
145,349.0,2019-06-24,askscience,1163.0,3.332378223495702
146,368.0,2019-06-25,askscience,888.0,2.4130434782608696
147,383.0,2019-06-26,askscience,2201.0,5.746736292428198
148,372.0,2019-06-27,askscience,1150.0,3.0913978494623655
149,332.0,2019-06-28,askscience,1469.0,4.424698795180723
150,325.0,2019-06-29,askscience,1076.0,3.310769230769231
151,332.0,2019-06-30,askscience,1381.0,4.159638554216867
152,328.0,2019-07-01,askscience,1098.0,3.347560975609756
153,335.0,2019-07-02,askscience,1090.0,3.253731343283582
154,328.0,2019-07-03,askscience,1359.0,4.1432926829268295
155,301.0,2019-07-04,askscience,1109.0,3.6843853820598005
156,320.0,2019-07-05,askscience,1348.0,4.2125
157,326.0,2019-07-06,askscience,1169.0,3.585889570552147
158,338.0,2019-07-07,askscience,1032.0,3.0532544378698225
159,399.0,2019-07-08,askscience,1851.0,4.639097744360902
160,416.0,2019-07-09,askscience,1180.0,2.8365384615384617
161,412.0,2019-07-10,askscience,981.0,2.3810679611650487
162,367.0,2019-07-11,askscience,1315.0,3.5831062670299727
163,326.0,2019-07-12,askscience,739.0,2.266871165644172
164,312.0,2019-07-13,askscience,767.0,2.4583333333333335
165,323.0,2019-07-14,askscience,1152.0,3.56656346749226
166,371.0,2019-07-15,askscience,1074.0,2.894878706199461
167,365.0,2019-07-16,askscience,806.0,2.208219178082192
168,351.0,2019-07-17,askscience,1511.0,4.304843304843305
169,376.0,2019-07-18,askscience,1034.0,2.75
170,380.0,2019-07-19,askscience,1689.0,4.4447368421052635
171,343.0,2019-07-20,askscience,1063.0,3.0991253644314867
172,353.0,2019-07-21,askscience,1089.0,3.084985835694051
173,354.0,2019-07-22,askscience,637.0,1.7994350282485876
174,382.0,2019-07-23,askscience,933.0,2.4424083769633507
175,379.0,2019-07-24,askscience,1641.0,4.329815303430079
176,339.0,2019-07-25,askscience,1035.0,3.0530973451327434
177,329.0,2019-07-26,askscience,1098.0,3.337386018237082
178,312.0,2019-07-27,askscience,728.0,2.3333333333333335
179,284.0,2019-07-28,askscience,569.0,2.0035211267605635
180,323.0,2019-07-29,askscience,1091.0,3.3777089783281733
181,286.0,2019-07-30,askscience,932.0,3.2587412587412588
182,18.0,2019-05-01,askhistorians,24.0,1.3333333333333333
183,166.0,2019-05-02,askhistorians,486.0,2.927710843373494
184,169.0,2019-05-03,askhistorians,403.0,2.3846153846153846
185,148.0,2019-05-04,askhistorians,494.0,3.3378378378378377
186,167.0,2019-05-05,askhistorians,540.0,3.2335329341317367
187,168.0,2019-05-06,askhistorians,421.0,2.505952380952381
188,186.0,2019-05-07,askhistorians,435.0,2.338709677419355
189,184.0,2019-05-08,askhistorians,594.0,3.2282608695652173
190,176.0,2019-05-09,askhistorians,435.0,2.471590909090909
191,158.0,2019-05-10,askhistorians,385.0,2.4367088607594938
192,147.0,2019-05-11,askhistorians,359.0,2.442176870748299
193,171.0,2019-05-12,askhistorians,692.0,4.046783625730995
194,165.0,2019-05-13,askhistorians,633.0,3.8363636363636364
195,155.0,2019-05-14,askhistorians,420.0,2.7096774193548385
196,163.0,2019-05-15,askhistorians,455.0,2.791411042944785
197,195.0,2019-05-16,askhistorians,453.0,2.3230769230769233
198,143.0,2019-05-17,askhistorians,440.0,3.076923076923077
199,145.0,2019-05-18,askhistorians,600.0,4.137931034482759
200,150.0,2019-05-19,askhistorians,454.0,3.026666666666667
201,162.0,2019-05-20,askhistorians,423.0,2.611111111111111
202,143.0,2019-05-21,askhistorians,491.0,3.4335664335664338
203,164.0,2019-05-22,askhistorians,374.0,2.2804878048780486
204,171.0,2019-05-23,askhistorians,555.0,3.245614035087719
205,153.0,2019-05-24,askhistorians,570.0,3.7254901960784315
206,145.0,2019-05-25,askhistorians,413.0,2.8482758620689657
207,146.0,2019-05-26,askhistorians,399.0,2.732876712328767
208,174.0,2019-05-27,askhistorians,559.0,3.2126436781609193
209,169.0,2019-05-28,askhistorians,489.0,2.893491124260355
210,170.0,2019-05-29,askhistorians,655.0,3.8529411764705883
211,189.0,2019-05-30,askhistorians,549.0,2.9047619047619047
212,157.0,2019-05-31,askhistorians,478.0,3.0445859872611467
213,161.0,2019-06-01,askhistorians,908.0,5.6397515527950315
214,154.0,2019-06-02,askhistorians,598.0,3.883116883116883
215,181.0,2019-06-03,askhistorians,563.0,3.110497237569061
216,151.0,2019-06-04,askhistorians,462.0,3.0596026490066226
217,153.0,2019-06-05,askhistorians,498.0,3.2549019607843137
218,192.0,2019-06-06,askhistorians,611.0,3.1822916666666665
219,165.0,2019-06-07,askhistorians,568.0,3.4424242424242424
220,164.0,2019-06-08,askhistorians,607.0,3.701219512195122
221,165.0,2019-06-09,askhistorians,568.0,3.4424242424242424
222,174.0,2019-06-10,askhistorians,569.0,3.2701149425287355
223,165.0,2019-06-11,askhistorians,750.0,4.545454545454546
224,137.0,2019-06-12,askhistorians,588.0,4.291970802919708
225,166.0,2019-06-13,askhistorians,603.0,3.6325301204819276
226,138.0,2019-06-14,askhistorians,549.0,3.9782608695652173
227,145.0,2019-06-15,askhistorians,491.0,3.386206896551724
228,168.0,2019-06-16,askhistorians,714.0,4.25
229,174.0,2019-06-17,askhistorians,603.0,3.4655172413793105
230,138.0,2019-06-18,askhistorians,469.0,3.398550724637681
231,191.0,2019-06-19,askhistorians,723.0,3.7853403141361257
232,185.0,2019-06-20,askhistorians,749.0,4.048648648648649
233,175.0,2019-06-21,askhistorians,538.0,3.0742857142857143
234,151.0,2019-06-22,askhistorians,519.0,3.437086092715232
235,160.0,2019-06-23,askhistorians,614.0,3.8375
236,172.0,2019-06-24,askhistorians,667.0,3.877906976744186
237,141.0,2019-06-25,askhistorians,459.0,3.25531914893617
238,143.0,2019-06-26,askhistorians,476.0,3.3286713286713288
239,162.0,2019-06-27,askhistorians,636.0,3.925925925925926
240,133.0,2019-06-28,askhistorians,462.0,3.473684210526316
241,128.0,2019-06-29,askhistorians,399.0,3.1171875
242,156.0,2019-06-30,askhistorians,549.0,3.519230769230769
243,177.0,2019-07-01,askhistorians,634.0,3.5819209039548023
244,158.0,2019-07-02,askhistorians,639.0,4.044303797468355
245,177.0,2019-07-03,askhistorians,686.0,3.8757062146892656
246,144.0,2019-07-04,askhistorians,608.0,4.222222222222222
247,151.0,2019-07-05,askhistorians,622.0,4.119205298013245
248,133.0,2019-07-06,askhistorians,464.0,3.488721804511278
249,247.0,2019-07-07,askhistorians,1222.0,4.947368421052632
250,201.0,2019-07-08,askhistorians,1067.0,5.308457711442786
251,187.0,2019-07-09,askhistorians,817.0,4.3689839572192515
252,181.0,2019-07-10,askhistorians,750.0,4.143646408839779
253,191.0,2019-07-11,askhistorians,787.0,4.12041884816754
254,151.0,2019-07-12,askhistorians,797.0,5.2781456953642385
255,155.0,2019-07-13,askhistorians,600.0,3.870967741935484
256,157.0,2019-07-14,askhistorians,609.0,3.878980891719745
257,170.0,2019-07-15,askhistorians,677.0,3.9823529411764707
258,158.0,2019-07-16,askhistorians,611.0,3.867088607594937
259,179.0,2019-07-17,askhistorians,622.0,3.474860335195531
260,187.0,2019-07-18,askhistorians,714.0,3.8181818181818183
261,167.0,2019-07-19,askhistorians,616.0,3.688622754491018
262,148.0,2019-07-20,askhistorians,561.0,3.7905405405405403
263,179.0,2019-07-21,askhistorians,832.0,4.648044692737431
264,190.0,2019-07-22,askhistorians,678.0,3.568421052631579
265,167.0,2019-07-23,askhistorians,753.0,4.508982035928144
266,167.0,2019-07-24,askhistorians,614.0,3.6766467065868262
267,194.0,2019-07-25,askhistorians,736.0,3.7938144329896906
268,178.0,2019-07-26,askhistorians,670.0,3.764044943820225
269,159.0,2019-07-27,askhistorians,570.0,3.5849056603773586
270,153.0,2019-07-28,askhistorians,648.0,4.235294117647059
271,155.0,2019-07-29,askhistorians,690.0,4.451612903225806
272,153.0,2019-07-30,askhistorians,626.0,4.091503267973856
273,1.0,2019-05-01,askcomputerscience,5.0,5.0
274,7.0,2019-05-02,askcomputerscience,83.0,11.857142857142858
275,17.0,2019-05-03,askcomputerscience,58.0,3.411764705882353
276,13.0,2019-05-04,askcomputerscience,41.0,3.1538461538461537
277,11.0,2019-05-05,askcomputerscience,21.0,1.9090909090909092
278,12.0,2019-05-06,askcomputerscience,46.0,3.8333333333333335
279,13.0,2019-05-07,askcomputerscience,106.0,8.153846153846153
280,14.0,2019-05-08,askcomputerscience,86.0,6.142857142857143
281,15.0,2019-05-09,askcomputerscience,109.0,7.266666666666667
282,12.0,2019-05-10,askcomputerscience,125.0,10.416666666666666
283,7.0,2019-05-11,askcomputerscience,57.0,8.142857142857142
284,7.0,2019-05-12,askcomputerscience,63.0,9.0
285,11.0,2019-05-13,askcomputerscience,65.0,5.909090909090909
286,9.0,2019-05-14,askcomputerscience,82.0,9.11111111111111
287,18.0,2019-05-15,askcomputerscience,67.0,3.7222222222222223
288,13.0,2019-05-16,askcomputerscience,83.0,6.384615384615385
289,14.0,2019-05-17,askcomputerscience,57.0,4.071428571428571
290,6.0,2019-05-18,askcomputerscience,47.0,7.833333333333333
291,13.0,2019-05-19,askcomputerscience,56.0,4.3076923076923075
292,15.0,2019-05-20,askcomputerscience,55.0,3.6666666666666665
293,10.0,2019-05-21,askcomputerscience,26.0,2.6
294,7.0,2019-05-22,askcomputerscience,98.0,14.0
295,9.0,2019-05-23,askcomputerscience,55.0,6.111111111111111
296,12.0,2019-05-24,askcomputerscience,77.0,6.416666666666667
297,10.0,2019-05-25,askcomputerscience,64.0,6.4
298,12.0,2019-05-26,askcomputerscience,30.0,2.5
299,12.0,2019-05-27,askcomputerscience,46.0,3.8333333333333335
300,9.0,2019-05-28,askcomputerscience,71.0,7.888888888888889
301,15.0,2019-05-29,askcomputerscience,90.0,6.0
302,17.0,2019-05-30,askcomputerscience,58.0,3.411764705882353
303,9.0,2019-05-31,askcomputerscience,31.0,3.4444444444444446
304,9.0,2019-06-01,askcomputerscience,17.0,1.8888888888888888
305,11.0,2019-06-02,askcomputerscience,37.0,3.3636363636363638
306,14.0,2019-06-03,askcomputerscience,67.0,4.785714285714286
307,16.0,2019-06-04,askcomputerscience,41.0,2.5625
308,18.0,2019-06-05,askcomputerscience,95.0,5.277777777777778
309,6.0,2019-06-06,askcomputerscience,64.0,10.666666666666666
310,14.0,2019-06-07,askcomputerscience,51.0,3.642857142857143
311,10.0,2019-06-08,askcomputerscience,31.0,3.1
312,7.0,2019-06-09,askcomputerscience,37.0,5.285714285714286
313,13.0,2019-06-10,askcomputerscience,55.0,4.230769230769231
314,7.0,2019-06-11,askcomputerscience,39.0,5.571428571428571
315,16.0,2019-06-12,askcomputerscience,68.0,4.25
316,13.0,2019-06-13,askcomputerscience,38.0,2.923076923076923
317,9.0,2019-06-14,askcomputerscience,55.0,6.111111111111111
318,9.0,2019-06-15,askcomputerscience,25.0,2.7777777777777777
319,7.0,2019-06-16,askcomputerscience,31.0,4.428571428571429
320,13.0,2019-06-17,askcomputerscience,50.0,3.8461538461538463
321,17.0,2019-06-18,askcomputerscience,42.0,2.4705882352941178
322,9.0,2019-06-19,askcomputerscience,76.0,8.444444444444445
323,10.0,2019-06-20,askcomputerscience,46.0,4.6
324,9.0,2019-06-21,askcomputerscience,46.0,5.111111111111111
325,9.0,2019-06-22,askcomputerscience,29.0,3.2222222222222223
326,7.0,2019-06-23,askcomputerscience,59.0,8.428571428571429
327,7.0,2019-06-24,askcomputerscience,47.0,6.714285714285714
328,14.0,2019-06-25,askcomputerscience,60.0,4.285714285714286
329,10.0,2019-06-26,askcomputerscience,23.0,2.3
330,8.0,2019-06-27,askcomputerscience,30.0,3.75
331,10.0,2019-06-28,askcomputerscience,43.0,4.3
332,11.0,2019-06-29,askcomputerscience,52.0,4.7272727272727275
333,9.0,2019-06-30,askcomputerscience,37.0,4.111111111111111
334,5.0,2019-07-01,askcomputerscience,23.0,4.6
335,10.0,2019-07-02,askcomputerscience,77.0,7.7
336,9.0,2019-07-03,askcomputerscience,37.0,4.111111111111111
337,11.0,2019-07-04,askcomputerscience,40.0,3.6363636363636362
338,7.0,2019-07-05,askcomputerscience,44.0,6.285714285714286
339,14.0,2019-07-06,askcomputerscience,113.0,8.071428571428571
340,10.0,2019-07-07,askcomputerscience,67.0,6.7
341,10.0,2019-07-08,askcomputerscience,96.0,9.6
342,15.0,2019-07-09,askcomputerscience,71.0,4.733333333333333
343,13.0,2019-07-10,askcomputerscience,60.0,4.615384615384615
344,9.0,2019-07-11,askcomputerscience,47.0,5.222222222222222
345,15.0,2019-07-12,askcomputerscience,106.0,7.066666666666666
346,9.0,2019-07-13,askcomputerscience,37.0,4.111111111111111
347,8.0,2019-07-14,askcomputerscience,30.0,3.75
348,13.0,2019-07-15,askcomputerscience,52.0,4.0
349,8.0,2019-07-16,askcomputerscience,64.0,8.0
350,13.0,2019-07-17,askcomputerscience,68.0,5.230769230769231
351,5.0,2019-07-18,askcomputerscience,19.0,3.8
352,9.0,2019-07-19,askcomputerscience,41.0,4.555555555555555
353,9.0,2019-07-20,askcomputerscience,38.0,4.222222222222222
354,14.0,2019-07-21,askcomputerscience,77.0,5.5
355,13.0,2019-07-22,askcomputerscience,54.0,4.153846153846154
356,8.0,2019-07-23,askcomputerscience,56.0,7.0
357,8.0,2019-07-24,askcomputerscience,35.0,4.375
358,7.0,2019-07-25,askcomputerscience,37.0,5.285714285714286
359,13.0,2019-07-26,askcomputerscience,55.0,4.230769230769231
360,8.0,2019-07-27,askcomputerscience,47.0,5.875
361,8.0,2019-07-28,askcomputerscience,33.0,4.125
362,12.0,2019-07-29,askcomputerscience,38.0,3.1666666666666665
363,8.0,2019-07-30,askcomputerscience,102.0,12.75
364,3.0,2019-05-01,askculinary,31.0,10.333333333333334
365,31.0,2019-05-02,askculinary,383.0,12.35483870967742
366,32.0,2019-05-03,askculinary,411.0,12.84375
367,29.0,2019-05-04,askculinary,336.0,11.586206896551724
368,23.0,2019-05-05,askculinary,257.0,11.173913043478262
369,38.0,2019-05-06,askculinary,397.0,10.447368421052632
370,38.0,2019-05-07,askculinary,522.0,13.736842105263158
371,52.0,2019-05-08,askculinary,678.0,13.038461538461538
372,32.0,2019-05-09,askculinary,468.0,14.625
373,33.0,2019-05-10,askculinary,380.0,11.515151515151516
374,38.0,2019-05-11,askculinary,338.0,8.894736842105264
375,23.0,2019-05-12,askculinary,307.0,13.347826086956522
376,39.0,2019-05-13,askculinary,417.0,10.692307692307692
377,45.0,2019-05-14,askculinary,408.0,9.066666666666666
378,14.0,2019-05-15,askculinary,430.0,30.714285714285715
379,47.0,2019-05-16,askculinary,507.0,10.787234042553191
380,29.0,2019-05-17,askculinary,366.0,12.620689655172415
381,20.0,2019-05-18,askculinary,339.0,16.95
382,30.0,2019-05-19,askculinary,386.0,12.866666666666667
383,40.0,2019-05-20,askculinary,411.0,10.275
384,42.0,2019-05-21,askculinary,598.0,14.238095238095237
385,37.0,2019-05-22,askculinary,733.0,19.81081081081081
386,29.0,2019-05-23,askculinary,378.0,13.03448275862069
387,29.0,2019-05-24,askculinary,400.0,13.793103448275861
388,18.0,2019-05-25,askculinary,161.0,8.944444444444445
389,36.0,2019-05-26,askculinary,381.0,10.583333333333334
390,26.0,2019-05-27,askculinary,346.0,13.307692307692308
391,35.0,2019-05-28,askculinary,470.0,13.428571428571429
392,32.0,2019-05-29,askculinary,572.0,17.875
393,33.0,2019-05-30,askculinary,330.0,10.0
394,32.0,2019-05-31,askculinary,416.0,13.0
395,27.0,2019-06-01,askculinary,369.0,13.666666666666666
396,25.0,2019-06-02,askculinary,310.0,12.4
397,38.0,2019-06-03,askculinary,405.0,10.657894736842104
398,48.0,2019-06-04,askculinary,469.0,9.770833333333334
399,32.0,2019-06-05,askculinary,557.0,17.40625
400,33.0,2019-06-06,askculinary,344.0,10.424242424242424
401,31.0,2019-06-07,askculinary,366.0,11.806451612903226
402,37.0,2019-06-08,askculinary,430.0,11.621621621621621
403,30.0,2019-06-09,askculinary,476.0,15.866666666666667
404,34.0,2019-06-10,askculinary,377.0,11.088235294117647
405,49.0,2019-06-11,askculinary,581.0,11.857142857142858
406,35.0,2019-06-12,askculinary,385.0,11.0
407,29.0,2019-06-13,askculinary,393.0,13.551724137931034
408,35.0,2019-06-14,askculinary,404.0,11.542857142857143
409,28.0,2019-06-15,askculinary,299.0,10.678571428571429
410,30.0,2019-06-16,askculinary,356.0,11.866666666666667
411,38.0,2019-06-17,askculinary,452.0,11.894736842105264
412,40.0,2019-06-18,askculinary,509.0,12.725
413,26.0,2019-06-19,askculinary,440.0,16.923076923076923
414,39.0,2019-06-20,askculinary,433.0,11.102564102564102
415,36.0,2019-06-21,askculinary,340.0,9.444444444444445
416,24.0,2019-06-22,askculinary,303.0,12.625
417,30.0,2019-06-23,askculinary,362.0,12.066666666666666
418,33.0,2019-06-24,askculinary,429.0,13.0
419,29.0,2019-06-25,askculinary,531.0,18.310344827586206
420,39.0,2019-06-26,askculinary,456.0,11.692307692307692
421,44.0,2019-06-27,askculinary,524.0,11.909090909090908
422,27.0,2019-06-28,askculinary,394.0,14.592592592592593
423,25.0,2019-06-29,askculinary,395.0,15.8
424,30.0,2019-06-30,askculinary,283.0,9.433333333333334
425,39.0,2019-07-01,askculinary,466.0,11.948717948717949
426,30.0,2019-07-02,askculinary,368.0,12.266666666666667
427,25.0,2019-07-03,askculinary,465.0,18.6
428,25.0,2019-07-04,askculinary,520.0,20.8
429,31.0,2019-07-05,askculinary,584.0,18.838709677419356
430,24.0,2019-07-06,askculinary,402.0,16.75
431,34.0,2019-07-07,askculinary,612.0,18.0
432,44.0,2019-07-08,askculinary,611.0,13.886363636363637
433,31.0,2019-07-09,askculinary,388.0,12.516129032258064
434,30.0,2019-07-10,askculinary,384.0,12.8
435,29.0,2019-07-11,askculinary,576.0,19.862068965517242
436,22.0,2019-07-12,askculinary,407.0,18.5
437,35.0,2019-07-13,askculinary,600.0,17.142857142857142
438,35.0,2019-07-14,askculinary,396.0,11.314285714285715
439,39.0,2019-07-15,askculinary,376.0,9.64102564102564
440,37.0,2019-07-16,askculinary,547.0,14.783783783783784
441,44.0,2019-07-17,askculinary,523.0,11.886363636363637
442,28.0,2019-07-18,askculinary,442.0,15.785714285714286
443,38.0,2019-07-19,askculinary,601.0,15.81578947368421
444,33.0,2019-07-20,askculinary,400.0,12.121212121212121
445,30.0,2019-07-21,askculinary,569.0,18.966666666666665
446,43.0,2019-07-22,askculinary,524.0,12.186046511627907
447,39.0,2019-07-23,askculinary,563.0,14.435897435897436
448,43.0,2019-07-24,askculinary,447.0,10.395348837209303
449,44.0,2019-07-25,askculinary,663.0,15.068181818181818
450,58.0,2019-07-26,askculinary,503.0,8.672413793103448
451,31.0,2019-07-27,askculinary,377.0,12.161290322580646
452,29.0,2019-07-28,askculinary,474.0,16.344827586206897
453,32.0,2019-07-29,askculinary,484.0,15.125
454,28.0,2019-07-30,askculinary,380.0,13.571428571428571
455,1.0,2019-05-01,trueaskreddit,5.0,5.0
456,7.0,2019-05-02,trueaskreddit,54.0,7.714285714285714
457,4.0,2019-05-03,trueaskreddit,61.0,15.25
458,7.0,2019-05-04,trueaskreddit,40.0,5.714285714285714
459,9.0,2019-05-05,trueaskreddit,84.0,9.333333333333334
460,9.0,2019-05-06,trueaskreddit,125.0,13.88888888888889
461,9.0,2019-05-07,trueaskreddit,97.0,10.777777777777779
462,9.0,2019-05-08,trueaskreddit,162.0,18.0
463,12.0,2019-05-09,trueaskreddit,154.0,12.833333333333334
464,7.0,2019-05-10,trueaskreddit,72.0,10.285714285714286
465,10.0,2019-05-11,trueaskreddit,219.0,21.9
466,8.0,2019-05-12,trueaskreddit,227.0,28.375
467,6.0,2019-05-13,trueaskreddit,293.0,48.833333333333336
468,10.0,2019-05-14,trueaskreddit,184.0,18.4
469,6.0,2019-05-15,trueaskreddit,83.0,13.833333333333334
470,4.0,2019-05-16,trueaskreddit,138.0,34.5
471,6.0,2019-05-17,trueaskreddit,76.0,12.666666666666666
472,3.0,2019-05-18,trueaskreddit,49.0,16.333333333333332
473,7.0,2019-05-19,trueaskreddit,170.0,24.285714285714285
474,5.0,2019-05-20,trueaskreddit,117.0,23.4
475,7.0,2019-05-21,trueaskreddit,135.0,19.285714285714285
476,7.0,2019-05-22,trueaskreddit,393.0,56.142857142857146
477,8.0,2019-05-23,trueaskreddit,374.0,46.75
478,6.0,2019-05-24,trueaskreddit,55.0,9.166666666666666
479,3.0,2019-05-25,trueaskreddit,72.0,24.0
480,6.0,2019-05-26,trueaskreddit,210.0,35.0
481,10.0,2019-05-27,trueaskreddit,93.0,9.3
482,4.0,2019-05-28,trueaskreddit,105.0,26.25
483,11.0,2019-05-29,trueaskreddit,294.0,26.727272727272727
484,4.0,2019-05-30,trueaskreddit,126.0,31.5
485,4.0,2019-05-31,trueaskreddit,98.0,24.5
486,3.0,2019-06-01,trueaskreddit,75.0,25.0
487,6.0,2019-06-02,trueaskreddit,101.0,16.833333333333332
488,5.0,2019-06-03,trueaskreddit,200.0,40.0
489,6.0,2019-06-04,trueaskreddit,103.0,17.166666666666668
490,7.0,2019-06-05,trueaskreddit,178.0,25.428571428571427
491,5.0,2019-06-06,trueaskreddit,252.0,50.4
492,9.0,2019-06-07,trueaskreddit,97.0,10.777777777777779
493,6.0,2019-06-08,trueaskreddit,132.0,22.0
494,2.0,2019-06-09,trueaskreddit,57.0,28.5
495,7.0,2019-06-10,trueaskreddit,90.0,12.857142857142858
496,7.0,2019-06-11,trueaskreddit,89.0,12.714285714285714
497,5.0,2019-06-12,trueaskreddit,119.0,23.8
498,9.0,2019-06-13,trueaskreddit,159.0,17.666666666666668
499,4.0,2019-06-14,trueaskreddit,116.0,29.0
500,3.0,2019-06-15,trueaskreddit,111.0,37.0
501,7.0,2019-06-16,trueaskreddit,194.0,27.714285714285715
502,6.0,2019-06-17,trueaskreddit,66.0,11.0
503,7.0,2019-06-18,trueaskreddit,229.0,32.714285714285715
504,11.0,2019-06-19,trueaskreddit,248.0,22.545454545454547
505,4.0,2019-06-20,trueaskreddit,135.0,33.75
506,8.0,2019-06-21,trueaskreddit,106.0,13.25
507,7.0,2019-06-22,trueaskreddit,88.0,12.571428571428571
508,5.0,2019-06-23,trueaskreddit,156.0,31.2
509,6.0,2019-06-24,trueaskreddit,213.0,35.5
510,7.0,2019-06-25,trueaskreddit,224.0,32.0
511,8.0,2019-06-26,trueaskreddit,271.0,33.875
512,7.0,2019-06-27,trueaskreddit,65.0,9.285714285714286
513,9.0,2019-06-28,trueaskreddit,155.0,17.22222222222222
514,3.0,2019-06-29,trueaskreddit,65.0,21.666666666666668
515,6.0,2019-06-30,trueaskreddit,54.0,9.0
516,10.0,2019-07-01,trueaskreddit,147.0,14.7
517,13.0,2019-07-02,trueaskreddit,278.0,21.384615384615383
518,2.0,2019-07-03,trueaskreddit,129.0,64.5
519,4.0,2019-07-04,trueaskreddit,79.0,19.75
520,4.0,2019-07-05,trueaskreddit,146.0,36.5
521,8.0,2019-07-06,trueaskreddit,61.0,7.625
522,5.0,2019-07-07,trueaskreddit,22.0,4.4
523,9.0,2019-07-08,trueaskreddit,107.0,11.88888888888889
524,6.0,2019-07-09,trueaskreddit,126.0,21.0
525,6.0,2019-07-10,trueaskreddit,182.0,30.333333333333332
526,6.0,2019-07-11,trueaskreddit,31.0,5.166666666666667
527,8.0,2019-07-12,trueaskreddit,66.0,8.25
528,7.0,2019-07-13,trueaskreddit,108.0,15.428571428571429
529,7.0,2019-07-14,trueaskreddit,78.0,11.142857142857142
530,9.0,2019-07-15,trueaskreddit,94.0,10.444444444444445
531,9.0,2019-07-16,trueaskreddit,153.0,17.0
532,8.0,2019-07-17,trueaskreddit,138.0,17.25
533,16.0,2019-07-18,trueaskreddit,116.0,7.25
534,6.0,2019-07-19,trueaskreddit,68.0,11.333333333333334
535,2.0,2019-07-20,trueaskreddit,98.0,49.0
536,8.0,2019-07-21,trueaskreddit,249.0,31.125
537,4.0,2019-07-22,trueaskreddit,309.0,77.25
538,9.0,2019-07-23,trueaskreddit,78.0,8.666666666666666
539,8.0,2019-07-24,trueaskreddit,61.0,7.625
540,4.0,2019-07-25,trueaskreddit,60.0,15.0
541,7.0,2019-07-26,trueaskreddit,143.0,20.428571428571427
542,7.0,2019-07-27,trueaskreddit,86.0,12.285714285714286
543,9.0,2019-07-28,trueaskreddit,75.0,8.333333333333334
544,11.0,2019-07-29,trueaskreddit,97.0,8.818181818181818
545,3.0,2019-07-30,trueaskreddit,51.0,17.0
546,6.0,2019-05-02,asksocialscience,49.0,8.166666666666666
547,2.0,2019-05-03,asksocialscience,14.0,7.0
548,5.0,2019-05-04,asksocialscience,17.0,3.4
549,8.0,2019-05-05,asksocialscience,36.0,4.5
550,8.0,2019-05-06,asksocialscience,57.0,7.125
551,10.0,2019-05-07,asksocialscience,57.0,5.7
552,7.0,2019-05-08,asksocialscience,31.0,4.428571428571429
553,10.0,2019-05-09,asksocialscience,55.0,5.5
554,12.0,2019-05-10,asksocialscience,83.0,6.916666666666667
555,8.0,2019-05-11,asksocialscience,29.0,3.625
556,8.0,2019-05-12,asksocialscience,73.0,9.125
557,7.0,2019-05-13,asksocialscience,24.0,3.4285714285714284
558,9.0,2019-05-14,asksocialscience,52.0,5.777777777777778
559,6.0,2019-05-15,asksocialscience,39.0,6.5
560,8.0,2019-05-16,asksocialscience,66.0,8.25
561,7.0,2019-05-17,asksocialscience,42.0,6.0
562,10.0,2019-05-18,asksocialscience,53.0,5.3
563,4.0,2019-05-19,asksocialscience,43.0,10.75
564,4.0,2019-05-20,asksocialscience,11.0,2.75
565,4.0,2019-05-21,asksocialscience,38.0,9.5
566,10.0,2019-05-22,asksocialscience,43.0,4.3
567,10.0,2019-05-23,asksocialscience,65.0,6.5
568,6.0,2019-05-24,asksocialscience,43.0,7.166666666666667
569,5.0,2019-05-25,asksocialscience,52.0,10.4
570,12.0,2019-05-26,asksocialscience,48.0,4.0
571,4.0,2019-05-27,asksocialscience,14.0,3.5
572,6.0,2019-05-28,asksocialscience,50.0,8.333333333333334
573,8.0,2019-05-29,asksocialscience,50.0,6.25
574,7.0,2019-05-30,asksocialscience,93.0,13.285714285714286
575,13.0,2019-05-31,asksocialscience,60.0,4.615384615384615
576,4.0,2019-06-01,asksocialscience,31.0,7.75
577,7.0,2019-06-02,asksocialscience,59.0,8.428571428571429
578,5.0,2019-06-03,asksocialscience,13.0,2.6
579,10.0,2019-06-04,asksocialscience,30.0,3.0
580,9.0,2019-06-05,asksocialscience,61.0,6.777777777777778
581,3.0,2019-06-06,asksocialscience,54.0,18.0
582,9.0,2019-06-07,asksocialscience,48.0,5.333333333333333
583,7.0,2019-06-08,asksocialscience,27.0,3.857142857142857
584,6.0,2019-06-09,asksocialscience,47.0,7.833333333333333
585,6.0,2019-06-10,asksocialscience,27.0,4.5
586,3.0,2019-06-11,asksocialscience,34.0,11.333333333333334
587,6.0,2019-06-12,asksocialscience,28.0,4.666666666666667
588,9.0,2019-06-13,asksocialscience,33.0,3.6666666666666665
589,9.0,2019-06-14,asksocialscience,43.0,4.777777777777778
590,6.0,2019-06-15,asksocialscience,32.0,5.333333333333333
591,4.0,2019-06-16,asksocialscience,42.0,10.5
592,8.0,2019-06-17,asksocialscience,28.0,3.5
593,4.0,2019-06-18,asksocialscience,12.0,3.0
594,5.0,2019-06-19,asksocialscience,13.0,2.6
595,3.0,2019-06-20,asksocialscience,36.0,12.0
596,8.0,2019-06-21,asksocialscience,52.0,6.5
597,10.0,2019-06-22,asksocialscience,36.0,3.6
598,6.0,2019-06-23,asksocialscience,81.0,13.5
599,3.0,2019-06-24,asksocialscience,42.0,14.0
600,6.0,2019-06-25,asksocialscience,39.0,6.5
601,3.0,2019-06-26,asksocialscience,14.0,4.666666666666667
602,8.0,2019-06-27,asksocialscience,28.0,3.5
603,4.0,2019-06-28,asksocialscience,18.0,4.5
604,5.0,2019-06-29,asksocialscience,52.0,10.4
605,3.0,2019-06-30,asksocialscience,42.0,14.0
606,8.0,2019-07-01,asksocialscience,26.0,3.25
607,5.0,2019-07-02,asksocialscience,41.0,8.2
608,7.0,2019-07-03,asksocialscience,12.0,1.7142857142857142
609,2.0,2019-07-04,asksocialscience,16.0,8.0
610,8.0,2019-07-05,asksocialscience,34.0,4.25
611,5.0,2019-07-06,asksocialscience,47.0,9.4
612,6.0,2019-07-07,asksocialscience,22.0,3.6666666666666665
613,6.0,2019-07-08,asksocialscience,59.0,9.833333333333334
614,4.0,2019-07-09,asksocialscience,35.0,8.75
615,8.0,2019-07-10,asksocialscience,41.0,5.125
616,6.0,2019-07-11,asksocialscience,33.0,5.5
617,8.0,2019-07-12,asksocialscience,26.0,3.25
618,7.0,2019-07-13,asksocialscience,27.0,3.857142857142857
619,4.0,2019-07-14,asksocialscience,25.0,6.25
620,8.0,2019-07-15,asksocialscience,29.0,3.625
621,6.0,2019-07-16,asksocialscience,35.0,5.833333333333333
622,6.0,2019-07-17,asksocialscience,28.0,4.666666666666667
623,4.0,2019-07-18,asksocialscience,25.0,6.25
624,7.0,2019-07-19,asksocialscience,38.0,5.428571428571429
625,3.0,2019-07-20,asksocialscience,29.0,9.666666666666666
626,3.0,2019-07-21,asksocialscience,12.0,4.0
627,9.0,2019-07-22,asksocialscience,24.0,2.6666666666666665
628,3.0,2019-07-23,asksocialscience,18.0,6.0
629,8.0,2019-07-24,asksocialscience,25.0,3.125
630,7.0,2019-07-25,asksocialscience,37.0,5.285714285714286
631,5.0,2019-07-26,asksocialscience,38.0,7.6
632,6.0,2019-07-27,asksocialscience,15.0,2.5
633,3.0,2019-07-28,asksocialscience,13.0,4.333333333333333
634,10.0,2019-07-29,asksocialscience,50.0,5.0
635,6.0,2019-07-30,asksocialscience,46.0,7.666666666666667
636,7.0,2019-05-01,askengineers,36.0,5.142857142857143
637,46.0,2019-05-02,askengineers,541.0,11.76086956521739
638,37.0,2019-05-03,askengineers,477.0,12.891891891891891
639,38.0,2019-05-04,askengineers,294.0,7.7368421052631575
640,31.0,2019-05-05,askengineers,291.0,9.387096774193548
641,38.0,2019-05-06,askengineers,472.0,12.421052631578947
642,43.0,2019-05-07,askengineers,465.0,10.813953488372093
643,53.0,2019-05-08,askengineers,460.0,8.679245283018869
644,54.0,2019-05-09,askengineers,506.0,9.37037037037037
645,50.0,2019-05-10,askengineers,477.0,9.54
646,32.0,2019-05-11,askengineers,381.0,11.90625
647,30.0,2019-05-12,askengineers,313.0,10.433333333333334
648,36.0,2019-05-13,askengineers,387.0,10.75
649,37.0,2019-05-14,askengineers,354.0,9.567567567567568
650,39.0,2019-05-15,askengineers,488.0,12.512820512820513
651,38.0,2019-05-16,askengineers,419.0,11.026315789473685
652,51.0,2019-05-17,askengineers,665.0,13.03921568627451
653,24.0,2019-05-18,askengineers,405.0,16.875
654,33.0,2019-05-19,askengineers,290.0,8.787878787878787
655,31.0,2019-05-20,askengineers,338.0,10.903225806451612
656,54.0,2019-05-21,askengineers,434.0,8.037037037037036
657,68.0,2019-05-22,askengineers,449.0,6.602941176470588
658,51.0,2019-05-23,askengineers,566.0,11.098039215686274
659,36.0,2019-05-24,askengineers,465.0,12.916666666666666
660,34.0,2019-05-25,askengineers,423.0,12.441176470588236
661,31.0,2019-05-26,askengineers,679.0,21.903225806451612
662,49.0,2019-05-27,askengineers,565.0,11.53061224489796
663,69.0,2019-05-28,askengineers,550.0,7.971014492753623
664,56.0,2019-05-29,askengineers,583.0,10.410714285714286
665,45.0,2019-05-30,askengineers,506.0,11.244444444444444
666,51.0,2019-05-31,askengineers,379.0,7.431372549019608
667,38.0,2019-06-01,askengineers,544.0,14.31578947368421
668,37.0,2019-06-02,askengineers,390.0,10.54054054054054
669,52.0,2019-06-03,askengineers,337.0,6.480769230769231
670,55.0,2019-06-04,askengineers,503.0,9.145454545454545
671,55.0,2019-06-05,askengineers,567.0,10.309090909090909
672,49.0,2019-06-06,askengineers,470.0,9.591836734693878
673,32.0,2019-06-07,askengineers,494.0,15.4375
674,37.0,2019-06-08,askengineers,431.0,11.64864864864865
675,39.0,2019-06-09,askengineers,455.0,11.666666666666666
676,51.0,2019-06-10,askengineers,491.0,9.627450980392156
677,50.0,2019-06-11,askengineers,468.0,9.36
678,55.0,2019-06-12,askengineers,651.0,11.836363636363636
679,57.0,2019-06-13,askengineers,461.0,8.087719298245615
680,44.0,2019-06-14,askengineers,776.0,17.636363636363637
681,34.0,2019-06-15,askengineers,334.0,9.823529411764707
682,26.0,2019-06-16,askengineers,407.0,15.653846153846153
683,58.0,2019-06-17,askengineers,409.0,7.051724137931035
684,44.0,2019-06-18,askengineers,420.0,9.545454545454545
685,61.0,2019-06-19,askengineers,671.0,11.0
686,50.0,2019-06-20,askengineers,661.0,13.22
687,55.0,2019-06-21,askengineers,562.0,10.218181818181819
688,38.0,2019-06-22,askengineers,412.0,10.842105263157896
689,47.0,2019-06-23,askengineers,458.0,9.74468085106383
690,45.0,2019-06-24,askengineers,438.0,9.733333333333333
691,56.0,2019-06-25,askengineers,606.0,10.821428571428571
692,58.0,2019-06-26,askengineers,601.0,10.362068965517242
693,48.0,2019-06-27,askengineers,756.0,15.75
694,41.0,2019-06-28,askengineers,689.0,16.804878048780488
695,21.0,2019-06-29,askengineers,307.0,14.619047619047619
696,38.0,2019-06-30,askengineers,393.0,10.342105263157896
697,50.0,2019-07-01,askengineers,716.0,14.32
698,57.0,2019-07-02,askengineers,621.0,10.894736842105264
699,46.0,2019-07-03,askengineers,468.0,10.173913043478262
700,50.0,2019-07-04,askengineers,374.0,7.48
701,48.0,2019-07-05,askengineers,372.0,7.75
702,38.0,2019-07-06,askengineers,424.0,11.157894736842104
703,32.0,2019-07-07,askengineers,597.0,18.65625
704,51.0,2019-07-08,askengineers,648.0,12.705882352941176
705,53.0,2019-07-09,askengineers,572.0,10.79245283018868
706,57.0,2019-07-10,askengineers,678.0,11.894736842105264
707,53.0,2019-07-11,askengineers,641.0,12.09433962264151
708,50.0,2019-07-12,askengineers,511.0,10.22
709,37.0,2019-07-13,askengineers,332.0,8.972972972972974
710,47.0,2019-07-14,askengineers,619.0,13.170212765957446
711,51.0,2019-07-15,askengineers,507.0,9.941176470588236
712,60.0,2019-07-16,askengineers,503.0,8.383333333333333
713,54.0,2019-07-17,askengineers,618.0,11.444444444444445
714,49.0,2019-07-18,askengineers,521.0,10.63265306122449
715,54.0,2019-07-19,askengineers,588.0,10.88888888888889
716,35.0,2019-07-20,askengineers,278.0,7.942857142857143
717,37.0,2019-07-21,askengineers,348.0,9.405405405405405
718,55.0,2019-07-22,askengineers,396.0,7.2
719,58.0,2019-07-23,askengineers,567.0,9.775862068965518
720,47.0,2019-07-24,askengineers,331.0,7.042553191489362
721,46.0,2019-07-25,askengineers,378.0,8.217391304347826
722,42.0,2019-07-26,askengineers,416.0,9.904761904761905
723,28.0,2019-07-27,askengineers,464.0,16.571428571428573
724,31.0,2019-07-28,askengineers,386.0,12.451612903225806
725,46.0,2019-07-29,askengineers,463.0,10.065217391304348
726,46.0,2019-07-30,askengineers,526.0,11.434782608695652
727,4.0,2019-05-01,askphilosophy,48.0,12.0
728,51.0,2019-05-02,askphilosophy,429.0,8.411764705882353
729,54.0,2019-05-03,askphilosophy,346.0,6.407407407407407
730,49.0,2019-05-04,askphilosophy,296.0,6.040816326530612
731,46.0,2019-05-05,askphilosophy,380.0,8.26086956521739
732,44.0,2019-05-06,askphilosophy,429.0,9.75
733,46.0,2019-05-07,askphilosophy,262.0,5.695652173913044
734,55.0,2019-05-08,askphilosophy,302.0,5.490909090909091
735,54.0,2019-05-09,askphilosophy,334.0,6.185185185185185
736,36.0,2019-05-10,askphilosophy,301.0,8.36111111111111
737,43.0,2019-05-11,askphilosophy,309.0,7.186046511627907
738,45.0,2019-05-12,askphilosophy,258.0,5.733333333333333
739,56.0,2019-05-13,askphilosophy,389.0,6.946428571428571
740,57.0,2019-05-14,askphilosophy,326.0,5.719298245614035
741,41.0,2019-05-15,askphilosophy,283.0,6.902439024390244
742,41.0,2019-05-16,askphilosophy,256.0,6.2439024390243905
743,43.0,2019-05-17,askphilosophy,338.0,7.8604651162790695
744,45.0,2019-05-18,askphilosophy,382.0,8.488888888888889
745,55.0,2019-05-19,askphilosophy,296.0,5.381818181818182
746,51.0,2019-05-20,askphilosophy,290.0,5.686274509803922
747,38.0,2019-05-21,askphilosophy,280.0,7.368421052631579
748,40.0,2019-05-22,askphilosophy,256.0,6.4
749,52.0,2019-05-23,askphilosophy,360.0,6.923076923076923
750,43.0,2019-05-24,askphilosophy,363.0,8.44186046511628
751,41.0,2019-05-25,askphilosophy,245.0,5.975609756097561
752,41.0,2019-05-26,askphilosophy,186.0,4.536585365853658
753,42.0,2019-05-27,askphilosophy,225.0,5.357142857142857
754,48.0,2019-05-28,askphilosophy,405.0,8.4375
755,49.0,2019-05-29,askphilosophy,306.0,6.244897959183674
756,37.0,2019-05-30,askphilosophy,302.0,8.162162162162161
757,44.0,2019-05-31,askphilosophy,304.0,6.909090909090909
758,43.0,2019-06-01,askphilosophy,262.0,6.093023255813954
759,47.0,2019-06-02,askphilosophy,332.0,7.0638297872340425
760,45.0,2019-06-03,askphilosophy,423.0,9.4
761,53.0,2019-06-04,askphilosophy,279.0,5.264150943396227
762,35.0,2019-06-05,askphilosophy,376.0,10.742857142857142
763,44.0,2019-06-06,askphilosophy,377.0,8.568181818181818
764,48.0,2019-06-07,askphilosophy,463.0,9.645833333333334
765,36.0,2019-06-08,askphilosophy,351.0,9.75
766,51.0,2019-06-09,askphilosophy,269.0,5.2745098039215685
767,52.0,2019-06-10,askphilosophy,343.0,6.596153846153846
768,32.0,2019-06-11,askphilosophy,241.0,7.53125
769,51.0,2019-06-12,askphilosophy,260.0,5.098039215686274
770,43.0,2019-06-13,askphilosophy,261.0,6.069767441860465
771,33.0,2019-06-14,askphilosophy,249.0,7.545454545454546
772,46.0,2019-06-15,askphilosophy,272.0,5.913043478260869
773,37.0,2019-06-16,askphilosophy,198.0,5.351351351351352
774,44.0,2019-06-17,askphilosophy,257.0,5.840909090909091
775,32.0,2019-06-18,askphilosophy,162.0,5.0625
776,40.0,2019-06-19,askphilosophy,237.0,5.925
777,48.0,2019-06-20,askphilosophy,341.0,7.104166666666667
778,38.0,2019-06-21,askphilosophy,311.0,8.18421052631579
779,40.0,2019-06-22,askphilosophy,310.0,7.75
780,45.0,2019-06-23,askphilosophy,242.0,5.377777777777778
781,48.0,2019-06-24,askphilosophy,328.0,6.833333333333333
782,36.0,2019-06-25,askphilosophy,239.0,6.638888888888889
783,34.0,2019-06-26,askphilosophy,327.0,9.617647058823529
784,32.0,2019-06-27,askphilosophy,275.0,8.59375
785,35.0,2019-06-28,askphilosophy,249.0,7.114285714285714
786,48.0,2019-06-29,askphilosophy,227.0,4.729166666666667
787,37.0,2019-06-30,askphilosophy,246.0,6.648648648648648
788,55.0,2019-07-01,askphilosophy,334.0,6.072727272727272
789,36.0,2019-07-02,askphilosophy,372.0,10.333333333333334
790,48.0,2019-07-03,askphilosophy,328.0,6.833333333333333
791,34.0,2019-07-04,askphilosophy,227.0,6.676470588235294
792,35.0,2019-07-05,askphilosophy,272.0,7.771428571428571
793,37.0,2019-07-06,askphilosophy,328.0,8.864864864864865
794,44.0,2019-07-07,askphilosophy,264.0,6.0
795,48.0,2019-07-08,askphilosophy,282.0,5.875
796,44.0,2019-07-09,askphilosophy,225.0,5.113636363636363
797,45.0,2019-07-10,askphilosophy,369.0,8.2
798,44.0,2019-07-11,askphilosophy,261.0,5.931818181818182
799,44.0,2019-07-12,askphilosophy,311.0,7.068181818181818
800,39.0,2019-07-13,askphilosophy,362.0,9.282051282051283
801,28.0,2019-07-14,askphilosophy,265.0,9.464285714285714
802,50.0,2019-07-15,askphilosophy,336.0,6.72
803,35.0,2019-07-16,askphilosophy,285.0,8.142857142857142
804,53.0,2019-07-17,askphilosophy,429.0,8.09433962264151
805,43.0,2019-07-18,askphilosophy,377.0,8.767441860465116
806,42.0,2019-07-19,askphilosophy,267.0,6.357142857142857
807,41.0,2019-07-20,askphilosophy,307.0,7.487804878048781
808,43.0,2019-07-21,askphilosophy,352.0,8.186046511627907
809,39.0,2019-07-22,askphilosophy,312.0,8.0
810,40.0,2019-07-23,askphilosophy,330.0,8.25
811,39.0,2019-07-24,askphilosophy,312.0,8.0
812,49.0,2019-07-25,askphilosophy,293.0,5.979591836734694
813,39.0,2019-07-26,askphilosophy,210.0,5.384615384615385
814,40.0,2019-07-27,askphilosophy,248.0,6.2
815,44.0,2019-07-28,askphilosophy,309.0,7.0227272727272725
816,54.0,2019-07-29,askphilosophy,443.0,8.203703703703704
817,56.0,2019-07-30,askphilosophy,415.0,7.410714285714286
