,subreddit,unique_users,date
0,askreddit,16073,2019-07-31 12:22:39.080766
0,askreddit,17237,2019-07-30 12:23:22.048369
0,askreddit,17892,2019-07-29 12:24:07.578196
0,askreddit,16656,2019-07-28 12:24:53.734399
0,askreddit,16351,2019-07-27 12:25:34.805941
0,askreddit,18633,2019-07-26 12:26:23.699714
0,askreddit,16092,2019-07-25 12:27:06.426452
0,askreddit,16995,2019-07-24 12:27:53.052125
0,askreddit,16379,2019-07-23 12:28:33.681493
0,askreddit,16775,2019-07-22 12:29:19.538673
0,askreddit,16025,2019-07-21 12:30:03.975163
0,askreddit,14761,2019-07-20 12:30:45.161190
0,askreddit,14595,2019-07-19 12:31:22.660918
0,askreddit,15832,2019-07-18 12:32:06.358363
0,askreddit,16201,2019-07-17 12:32:49.876501
0,askreddit,16449,2019-07-16 12:33:38.409858
0,askreddit,16391,2019-07-15 12:34:21.521425
0,askreddit,14879,2019-07-14 12:35:00.410269
0,askreddit,15094,2019-07-13 12:35:41.399603
0,askreddit,15576,2019-07-12 12:36:22.535120
0,askreddit,15738,2019-07-11 12:37:03.099109
0,askreddit,14963,2019-07-10 12:37:42.732617
0,askreddit,15164,2019-07-09 12:38:25.741147
0,askreddit,14879,2019-07-08 12:39:03.373128
0,askreddit,13885,2019-07-07 12:39:39.102633
0,askreddit,13136,2019-07-06 12:40:16.324178
0,askreddit,12981,2019-07-05 12:40:50.522966
0,askreddit,13253,2019-07-04 12:41:25.927732
0,askreddit,13559,2019-07-03 12:42:02.306346
0,askreddit,13197,2019-07-02 12:42:41.058063
0,askreddit,13950,2019-07-01 12:43:19.209564
0,askreddit,13703,2019-06-30 12:43:57.595652
0,askreddit,12986,2019-06-29 12:44:34.365308
0,askreddit,13080,2019-06-28 12:45:12.268095
0,askreddit,14816,2019-06-27 12:45:56.107820
0,askreddit,14851,2019-06-26 12:46:35.627039
0,askreddit,14940,2019-06-25 12:47:16.053127
0,askreddit,14986,2019-06-24 12:47:52.867217
0,askreddit,15654,2019-06-23 12:48:33.181879
0,askreddit,14017,2019-06-22 12:49:08.943844
0,askreddit,13376,2019-06-21 12:49:46.495865
0,askreddit,14479,2019-06-20 12:50:23.370703
0,askreddit,15617,2019-06-19 12:51:03.786111
0,askreddit,15189,2019-06-18 12:51:42.154341
0,askreddit,14393,2019-06-17 12:52:20.580353
0,askreddit,14331,2019-06-16 12:53:00.280991
0,askreddit,14660,2019-06-15 12:53:41.066026
0,askreddit,13477,2019-06-14 12:54:17.823519
0,askreddit,14754,2019-06-13 12:55:01.956835
0,askreddit,14732,2019-06-12 12:55:46.302924
0,askreddit,15116,2019-06-11 12:56:29.640609
0,askreddit,14160,2019-06-10 12:57:12.050510
0,askreddit,13617,2019-06-09 12:57:48.532045
0,askreddit,13272,2019-06-08 12:58:25.344719
0,askreddit,12847,2019-06-07 12:58:59.900401
0,askreddit,13883,2019-06-06 12:59:41.682983
0,askreddit,14876,2019-06-05 13:00:24.719199
0,askreddit,15931,2019-06-04 13:01:15.209341
0,askreddit,15340,2019-06-03 13:01:57.015962
0,askreddit,15253,2019-06-02 13:02:39.884688
0,askreddit,13692,2019-06-01 13:03:26.059194
0,askreddit,13725,2019-05-31 13:04:02.559480
0,askreddit,14557,2019-05-30 13:04:47.370488
0,askreddit,15233,2019-05-29 13:05:54.082148
0,askreddit,14389,2019-05-28 13:06:57.546108
0,askreddit,14371,2019-05-27 13:07:36.528417
0,askreddit,13327,2019-05-26 13:08:10.923521
0,askreddit,12059,2019-05-25 13:08:44.721449
0,askreddit,12016,2019-05-24 13:09:18.953730
0,askreddit,12898,2019-05-23 13:09:54.452940
0,askreddit,13511,2019-05-22 13:10:33.503258
0,askreddit,13833,2019-05-21 13:11:20.571408
0,askreddit,13759,2019-05-20 13:12:03.006252
0,askreddit,12996,2019-05-19 13:12:38.981582
0,askreddit,12640,2019-05-18 13:13:13.900809
0,askreddit,11773,2019-05-17 13:13:50.270750
0,askreddit,14816,2019-05-16 13:14:31.336443
0,askreddit,14859,2019-05-15 13:15:13.928551
0,askreddit,15155,2019-05-14 13:15:55.098060
0,askreddit,14655,2019-05-13 13:16:33.932126
0,askreddit,13743,2019-05-12 13:17:13.531478
0,askreddit,14262,2019-05-11 13:17:51.826841
0,askreddit,13019,2019-05-10 13:18:28.341404
0,askreddit,14385,2019-05-09 13:19:11.205187
0,askreddit,14352,2019-05-08 13:19:51.322551
0,askreddit,15414,2019-05-07 13:20:32.135860
0,askreddit,15373,2019-05-06 13:21:13.398715
0,askreddit,15874,2019-05-05 13:21:57.761130
0,askreddit,14904,2019-05-04 13:22:40.381797
0,askreddit,14190,2019-05-03 13:23:19.362819
0,askscience,334,2019-07-31 13:23:21.850910
0,askscience,368,2019-07-30 13:23:23.878684
0,askscience,318,2019-07-29 13:23:25.722144
0,askscience,307,2019-07-28 13:23:27.150328
0,askscience,306,2019-07-27 13:23:29.820067
0,askscience,307,2019-07-26 13:23:31.764126
0,askscience,339,2019-07-25 13:23:33.683456
0,askscience,332,2019-07-24 13:23:35.589358
0,askscience,383,2019-07-23 13:23:37.563539
0,askscience,393,2019-07-22 13:23:39.750865
0,askscience,347,2019-07-21 13:23:41.366482
0,askscience,352,2019-07-20 13:23:43.024806
0,askscience,342,2019-07-19 13:23:44.686017
0,askscience,386,2019-07-18 13:23:46.463202
0,askscience,368,2019-07-17 13:23:48.418572
0,askscience,349,2019-07-16 13:23:50.080966
0,askscience,357,2019-07-15 13:23:51.474799
0,askscience,385,2019-07-14 13:23:53.405062
0,askscience,313,2019-07-13 13:23:55.007586
0,askscience,316,2019-07-12 13:23:57.055466
0,askscience,337,2019-07-11 13:23:59.241164
0,askscience,375,2019-07-10 13:24:01.128663
0,askscience,406,2019-07-09 13:24:02.993690
0,askscience,411,2019-07-08 13:24:04.711363
0,askscience,401,2019-07-07 13:24:06.683782
0,askscience,335,2019-07-06 13:24:08.399550
0,askscience,315,2019-07-05 13:24:10.470134
0,askscience,319,2019-07-04 13:24:12.161868
0,askscience,309,2019-07-03 13:24:13.713773
0,askscience,343,2019-07-02 13:24:15.692865
0,askscience,315,2019-07-01 13:24:17.581968
0,askscience,313,2019-06-30 13:24:19.480520
0,askscience,351,2019-06-29 13:24:21.393581
0,askscience,323,2019-06-28 13:24:23.415379
0,askscience,324,2019-06-27 13:24:25.111427
0,askscience,382,2019-06-26 13:24:27.027431
0,askscience,369,2019-06-25 13:24:29.003591
0,askscience,377,2019-06-24 13:24:31.050892
0,askscience,357,2019-06-23 13:24:33.508711
0,askscience,342,2019-06-22 13:24:35.427764
0,askscience,303,2019-06-21 13:24:37.362014
0,askscience,353,2019-06-20 13:24:39.445196
0,askscience,344,2019-06-19 13:24:41.395455
0,askscience,342,2019-06-18 13:24:43.247769
0,askscience,391,2019-06-17 13:24:44.998678
0,askscience,415,2019-06-16 13:24:46.894913
0,askscience,389,2019-06-15 13:24:48.704605
0,askscience,335,2019-06-14 13:24:50.352575
0,askscience,297,2019-06-13 13:24:51.975472
0,askscience,371,2019-06-12 13:24:54.049490
0,askscience,356,2019-06-11 13:24:55.947184
0,askscience,333,2019-06-10 13:24:57.877864
0,askscience,307,2019-06-09 13:24:59.856831
0,askscience,345,2019-06-08 13:25:01.523937
0,askscience,325,2019-06-07 13:25:03.242937
0,askscience,343,2019-06-06 13:25:05.160996
0,askscience,366,2019-06-05 13:25:07.298427
0,askscience,367,2019-06-04 13:25:09.204705
0,askscience,334,2019-06-03 13:25:10.883281
0,askscience,400,2019-06-02 13:25:12.906951
0,askscience,361,2019-06-01 13:25:15.597565
0,askscience,347,2019-05-31 13:25:17.468760
0,askscience,378,2019-05-30 13:25:19.588021
0,askscience,351,2019-05-29 13:25:21.452748
0,askscience,379,2019-05-28 13:25:23.317021
0,askscience,327,2019-05-27 13:25:25.116597
0,askscience,329,2019-05-26 13:25:27.016214
0,askscience,331,2019-05-25 13:25:29.007956
0,askscience,297,2019-05-24 13:25:30.723910
0,askscience,315,2019-05-23 13:25:32.558615
0,askscience,393,2019-05-22 13:25:34.804518
0,askscience,365,2019-05-21 13:25:36.483234
0,askscience,338,2019-05-20 13:25:38.073034
0,askscience,330,2019-05-19 13:25:39.861680
0,askscience,344,2019-05-18 13:25:42.383416
0,askscience,343,2019-05-17 13:25:44.264664
0,askscience,403,2019-05-16 13:25:45.350896
0,askscience,380,2019-05-15 13:25:47.029518
0,askscience,368,2019-05-14 13:25:48.874651
0,askscience,404,2019-05-13 13:25:50.799005
0,askscience,363,2019-05-12 13:25:52.433478
0,askscience,388,2019-05-11 13:25:53.486751
0,askscience,382,2019-05-10 13:25:55.408364
0,askscience,362,2019-05-09 13:25:57.682941
0,askscience,439,2019-05-08 13:25:59.359438
0,askscience,440,2019-05-07 13:26:01.003153
0,askscience,397,2019-05-06 13:26:02.912968
0,askscience,378,2019-05-05 13:26:04.846270
0,askscience,404,2019-05-04 13:26:06.752621
0,askscience,359,2019-05-03 13:26:08.373803
0,askhistorians,145,2019-07-31 13:26:10.165681
0,askhistorians,153,2019-07-30 13:26:11.806889
0,askhistorians,171,2019-07-29 13:26:13.344612
0,askhistorians,158,2019-07-28 13:26:14.970051
0,askhistorians,155,2019-07-27 13:26:16.645430
0,askhistorians,161,2019-07-26 13:26:18.498076
0,askhistorians,191,2019-07-25 13:26:19.967194
0,askhistorians,181,2019-07-24 13:26:21.943542
0,askhistorians,163,2019-07-23 13:26:23.482967
0,askhistorians,178,2019-07-22 13:26:24.728558
0,askhistorians,177,2019-07-21 13:26:26.475282
0,askhistorians,179,2019-07-20 13:26:28.227034
0,askhistorians,151,2019-07-19 13:26:29.910856
0,askhistorians,177,2019-07-18 13:26:31.469869
0,askhistorians,169,2019-07-17 13:26:33.210024
0,askhistorians,196,2019-07-16 13:26:34.968461
0,askhistorians,152,2019-07-15 13:26:36.691575
0,askhistorians,164,2019-07-14 13:26:38.529520
0,askhistorians,164,2019-07-13 13:26:40.276600
0,askhistorians,145,2019-07-12 13:26:41.912303
0,askhistorians,166,2019-07-11 13:26:43.449376
0,askhistorians,195,2019-07-10 13:26:44.977941
0,askhistorians,173,2019-07-09 13:26:46.464172
0,askhistorians,191,2019-07-08 13:26:48.471425
0,askhistorians,213,2019-07-07 13:26:50.207786
0,askhistorians,225,2019-07-06 13:26:51.438782
0,askhistorians,134,2019-07-05 13:26:53.082274
0,askhistorians,135,2019-07-04 13:26:54.773680
0,askhistorians,168,2019-07-03 13:26:56.558821
0,askhistorians,166,2019-07-02 13:26:58.006918
0,askhistorians,167,2019-07-01 13:26:59.429791
0,askhistorians,185,2019-06-30 13:27:00.885451
0,askhistorians,139,2019-06-29 13:27:02.578476
0,askhistorians,122,2019-06-28 13:27:04.015395
0,askhistorians,144,2019-06-27 13:27:05.464902
0,askhistorians,151,2019-06-26 13:27:07.039365
0,askhistorians,159,2019-06-25 13:27:08.441192
0,askhistorians,141,2019-06-24 13:27:09.855526
0,askhistorians,164,2019-06-23 13:27:11.524743
0,askhistorians,157,2019-06-22 13:27:13.038131
0,askhistorians,159,2019-06-21 13:27:14.472715
0,askhistorians,170,2019-06-20 13:27:15.668701
0,askhistorians,194,2019-06-19 13:27:17.443650
0,askhistorians,178,2019-06-18 13:27:18.953166
0,askhistorians,154,2019-06-17 13:27:20.308717
0,askhistorians,176,2019-06-16 13:27:21.993752
0,askhistorians,149,2019-06-15 13:27:23.587477
0,askhistorians,144,2019-06-14 13:27:25.418738
0,askhistorians,146,2019-06-13 13:27:26.755797
0,askhistorians,161,2019-06-12 13:27:28.297464
0,askhistorians,144,2019-06-11 13:27:30.075598
0,askhistorians,166,2019-06-10 13:27:31.573992
0,askhistorians,167,2019-06-09 13:27:33.249266
0,askhistorians,170,2019-06-08 13:27:34.977482
0,askhistorians,161,2019-06-07 13:27:36.489472
0,askhistorians,171,2019-06-06 13:27:38.040463
0,askhistorians,183,2019-06-05 13:27:39.969582
0,askhistorians,160,2019-06-04 13:27:41.477600
0,askhistorians,151,2019-06-03 13:27:43.119465
0,askhistorians,178,2019-06-02 13:27:44.885784
0,askhistorians,154,2019-06-01 13:27:46.728870
0,askhistorians,166,2019-05-31 13:27:48.227747
0,askhistorians,156,2019-05-30 13:27:49.904489
0,askhistorians,180,2019-05-29 13:27:51.147271
0,askhistorians,174,2019-05-28 13:27:52.974723
0,askhistorians,176,2019-05-27 13:27:54.511083
0,askhistorians,165,2019-05-26 13:27:55.944511
0,askhistorians,144,2019-05-25 13:27:57.787491
0,askhistorians,151,2019-05-24 13:27:59.548117
0,askhistorians,158,2019-05-23 13:28:00.455679
0,askhistorians,170,2019-05-22 13:28:02.294266
0,askhistorians,155,2019-05-21 13:28:03.676464
0,askhistorians,148,2019-05-20 13:28:05.341934
0,askhistorians,150,2019-05-19 13:28:06.901036
0,askhistorians,153,2019-05-18 13:28:08.336720
0,askhistorians,147,2019-05-17 13:28:09.767953
0,askhistorians,154,2019-05-16 13:28:11.544584
0,askhistorians,192,2019-05-15 13:28:13.659511
0,askhistorians,156,2019-05-14 13:28:15.025718
0,askhistorians,161,2019-05-13 13:28:16.731317
0,askhistorians,171,2019-05-12 13:28:18.575247
0,askhistorians,161,2019-05-11 13:28:20.417390
0,askhistorians,156,2019-05-10 13:28:21.543753
0,askhistorians,151,2019-05-09 13:28:22.988148
0,askhistorians,180,2019-05-08 13:28:24.719269
0,askhistorians,182,2019-05-07 13:28:26.168831
0,askhistorians,200,2019-05-06 13:28:27.851962
0,askhistorians,146,2019-05-05 13:28:29.632117
0,askhistorians,169,2019-05-04 13:28:31.050609
0,askhistorians,152,2019-05-03 13:28:32.991413
0,explainlikeimfive,364,2019-07-31 13:28:34.855837
0,explainlikeimfive,393,2019-07-30 13:28:36.984549
0,explainlikeimfive,420,2019-07-29 13:28:39.479091
0,explainlikeimfive,406,2019-07-28 13:28:41.233754
0,explainlikeimfive,344,2019-07-27 13:28:43.183515
0,explainlikeimfive,353,2019-07-26 13:28:45.163470
0,explainlikeimfive,332,2019-07-25 13:28:47.256881
0,explainlikeimfive,433,2019-07-24 13:28:48.986794
0,explainlikeimfive,403,2019-07-23 13:28:50.829528
0,explainlikeimfive,429,2019-07-22 13:28:52.508908
0,explainlikeimfive,433,2019-07-21 13:28:54.720917
0,explainlikeimfive,398,2019-07-20 13:28:56.766076
0,explainlikeimfive,414,2019-07-19 13:28:58.713692
0,explainlikeimfive,438,2019-07-18 13:29:00.561019
0,explainlikeimfive,402,2019-07-17 13:29:02.550062
0,explainlikeimfive,432,2019-07-16 13:29:04.624111
0,explainlikeimfive,443,2019-07-15 13:29:06.320918
0,explainlikeimfive,371,2019-07-14 13:29:08.042306
0,explainlikeimfive,413,2019-07-13 13:29:10.080289
0,explainlikeimfive,410,2019-07-12 13:29:11.923576
0,explainlikeimfive,413,2019-07-11 13:29:13.665992
0,explainlikeimfive,406,2019-07-10 13:29:15.430457
0,explainlikeimfive,434,2019-07-09 13:29:17.214031
0,explainlikeimfive,376,2019-07-08 13:29:18.886301
0,explainlikeimfive,365,2019-07-07 13:29:20.361988
0,explainlikeimfive,323,2019-07-06 13:29:21.958169
0,explainlikeimfive,379,2019-07-05 13:29:23.714109
0,explainlikeimfive,359,2019-07-04 13:29:26.461457
0,explainlikeimfive,379,2019-07-03 13:29:28.818912
0,explainlikeimfive,427,2019-07-02 13:29:31.206927
0,explainlikeimfive,313,2019-07-01 13:29:33.147165
0,explainlikeimfive,349,2019-06-30 13:29:35.022216
0,explainlikeimfive,398,2019-06-29 13:29:36.806824
0,explainlikeimfive,363,2019-06-28 13:29:38.563531
0,explainlikeimfive,391,2019-06-27 13:29:40.696648
0,explainlikeimfive,436,2019-06-26 13:29:42.847182
0,explainlikeimfive,376,2019-06-25 13:29:44.812517
0,explainlikeimfive,424,2019-06-24 13:29:46.541423
0,explainlikeimfive,414,2019-06-23 13:29:48.710856
0,explainlikeimfive,382,2019-06-22 13:29:50.733677
0,explainlikeimfive,347,2019-06-21 13:29:52.443643
0,explainlikeimfive,414,2019-06-20 13:29:54.828576
0,explainlikeimfive,427,2019-06-19 13:29:56.550846
0,explainlikeimfive,447,2019-06-18 13:29:58.414643
0,explainlikeimfive,447,2019-06-17 13:30:00.563008
0,explainlikeimfive,417,2019-06-16 13:30:02.712196
0,explainlikeimfive,457,2019-06-15 13:30:04.657800
0,explainlikeimfive,386,2019-06-14 13:30:06.705340
0,explainlikeimfive,400,2019-06-13 13:30:08.651015
0,explainlikeimfive,461,2019-06-12 13:30:10.904042
0,explainlikeimfive,432,2019-06-11 13:30:13.073242
0,explainlikeimfive,393,2019-06-10 13:30:14.980945
0,explainlikeimfive,350,2019-06-09 13:30:16.909990
0,explainlikeimfive,344,2019-06-08 13:30:18.613061
0,explainlikeimfive,323,2019-06-07 13:30:20.526255
0,explainlikeimfive,361,2019-06-06 13:30:22.471896
0,explainlikeimfive,425,2019-06-05 13:30:24.679528
0,explainlikeimfive,423,2019-06-04 13:30:26.726731
0,explainlikeimfive,372,2019-06-03 13:30:29.107207
0,explainlikeimfive,405,2019-06-02 13:30:31.160356
0,explainlikeimfive,321,2019-06-01 13:30:33.163493
0,explainlikeimfive,381,2019-05-31 13:30:35.302420
0,explainlikeimfive,419,2019-05-30 13:30:37.177252
0,explainlikeimfive,386,2019-05-29 13:30:39.219213
0,explainlikeimfive,387,2019-05-28 13:30:41.084366
0,explainlikeimfive,353,2019-05-27 13:30:43.168946
0,explainlikeimfive,394,2019-05-26 13:30:45.412630
0,explainlikeimfive,388,2019-05-25 13:30:47.554871
0,explainlikeimfive,380,2019-05-24 13:30:49.537360
0,explainlikeimfive,368,2019-05-23 13:30:51.759921
0,explainlikeimfive,394,2019-05-22 13:30:53.608779
0,explainlikeimfive,379,2019-05-21 13:30:55.715513
0,explainlikeimfive,365,2019-05-20 13:30:57.497868
0,explainlikeimfive,336,2019-05-19 13:30:59.296743
0,explainlikeimfive,327,2019-05-18 13:31:01.398449
0,explainlikeimfive,307,2019-05-17 13:31:03.173770
0,explainlikeimfive,416,2019-05-16 13:31:05.378640
0,explainlikeimfive,465,2019-05-15 13:31:07.631572
0,explainlikeimfive,394,2019-05-14 13:31:09.646899
0,explainlikeimfive,420,2019-05-13 13:31:11.233305
0,explainlikeimfive,408,2019-05-12 13:31:13.182444
0,explainlikeimfive,413,2019-05-11 13:31:15.303420
0,explainlikeimfive,380,2019-05-10 13:31:17.461290
0,explainlikeimfive,416,2019-05-09 13:31:19.612374
0,explainlikeimfive,395,2019-05-08 13:31:21.320413
0,explainlikeimfive,440,2019-05-07 13:31:24.117306
0,explainlikeimfive,431,2019-05-06 13:31:26.165607
0,explainlikeimfive,395,2019-05-05 13:31:28.110807
0,explainlikeimfive,414,2019-05-04 13:31:30.163863
0,explainlikeimfive,377,2019-05-03 13:31:32.066403
0,askcomputerscience,11,2019-07-31 13:31:33.183432
0,askcomputerscience,12,2019-07-30 13:31:34.560513
0,askcomputerscience,9,2019-07-29 13:31:35.983607
0,askcomputerscience,10,2019-07-28 13:31:37.012430
0,askcomputerscience,10,2019-07-27 13:31:38.246526
0,askcomputerscience,9,2019-07-26 13:31:38.954206
0,askcomputerscience,12,2019-07-25 13:31:40.088172
0,askcomputerscience,5,2019-07-24 13:31:43.392577
0,askcomputerscience,8,2019-07-23 13:31:44.742084
0,askcomputerscience,11,2019-07-22 13:31:46.029285
0,askcomputerscience,11,2019-07-21 13:31:47.358101
0,askcomputerscience,15,2019-07-20 13:31:48.601279
0,askcomputerscience,9,2019-07-19 13:31:49.714727
0,askcomputerscience,9,2019-07-18 13:31:50.979054
0,askcomputerscience,5,2019-07-17 13:31:51.965649
0,askcomputerscience,11,2019-07-16 13:31:53.267169
0,askcomputerscience,12,2019-07-15 13:31:56.544115
0,askcomputerscience,10,2019-07-14 13:31:57.511388
0,askcomputerscience,7,2019-07-13 13:31:58.487796
0,askcomputerscience,12,2019-07-12 13:31:59.854130
0,askcomputerscience,14,2019-07-11 13:32:01.152146
0,askcomputerscience,10,2019-07-10 13:32:04.358297
0,askcomputerscience,12,2019-07-09 13:32:05.588004
0,askcomputerscience,14,2019-07-08 13:32:06.937243
0,askcomputerscience,12,2019-07-07 13:32:08.390454
0,askcomputerscience,9,2019-07-06 13:32:09.782758
0,askcomputerscience,12,2019-07-05 13:32:10.909302
0,askcomputerscience,7,2019-07-04 13:32:11.933336
0,askcomputerscience,13,2019-07-03 13:32:13.052257
0,askcomputerscience,7,2019-07-02 13:32:14.393538
0,askcomputerscience,11,2019-07-01 13:32:17.539410
0,askcomputerscience,5,2019-06-30 13:32:18.896515
0,askcomputerscience,9,2019-06-29 13:32:19.865947
0,askcomputerscience,13,2019-06-28 13:32:20.990801
0,askcomputerscience,9,2019-06-27 13:32:21.961367
0,askcomputerscience,7,2019-06-26 13:32:25.095926
0,askcomputerscience,10,2019-06-25 13:32:26.094786
0,askcomputerscience,14,2019-06-24 13:32:27.170571
0,askcomputerscience,7,2019-06-23 13:32:28.171876
0,askcomputerscience,7,2019-06-22 13:32:29.078830
0,askcomputerscience,10,2019-06-21 13:32:32.437122
0,askcomputerscience,7,2019-06-20 13:32:33.771080
0,askcomputerscience,10,2019-06-19 13:32:34.790152
0,askcomputerscience,14,2019-06-18 13:32:35.896203
0,askcomputerscience,14,2019-06-17 13:32:36.921609
0,askcomputerscience,12,2019-06-16 13:32:38.220978
0,askcomputerscience,6,2019-06-15 13:32:41.374553
0,askcomputerscience,9,2019-06-14 13:32:42.438513
0,askcomputerscience,12,2019-06-13 13:32:43.522334
0,askcomputerscience,11,2019-06-12 13:32:44.890175
0,askcomputerscience,15,2019-06-11 13:32:45.872368
0,askcomputerscience,7,2019-06-10 13:32:49.074185
0,askcomputerscience,14,2019-06-09 13:32:50.293071
0,askcomputerscience,7,2019-06-08 13:32:51.422555
0,askcomputerscience,11,2019-06-07 13:32:52.873853
0,askcomputerscience,13,2019-06-06 13:32:54.122766
0,askcomputerscience,6,2019-06-05 13:32:54.810649
0,askcomputerscience,19,2019-06-04 13:32:56.273310
0,askcomputerscience,16,2019-06-03 13:32:59.652003
0,askcomputerscience,15,2019-06-02 13:33:00.974747
0,askcomputerscience,10,2019-06-01 13:33:02.316060
0,askcomputerscience,8,2019-05-31 13:33:03.440411
0,askcomputerscience,9,2019-05-30 13:33:04.505091
0,askcomputerscience,16,2019-05-29 13:33:06.000975
0,askcomputerscience,16,2019-05-28 13:33:06.899267
0,askcomputerscience,9,2019-05-27 13:33:08.190971
0,askcomputerscience,15,2019-05-26 13:33:11.790894
0,askcomputerscience,8,2019-05-25 13:33:12.918975
0,askcomputerscience,12,2019-05-24 13:33:14.086324
0,askcomputerscience,12,2019-05-23 13:33:15.494273
0,askcomputerscience,7,2019-05-22 13:33:16.649969
0,askcomputerscience,8,2019-05-21 13:33:17.956389
0,askcomputerscience,9,2019-05-20 13:33:18.994624
0,askcomputerscience,18,2019-05-19 13:33:20.181395
0,askcomputerscience,11,2019-05-18 13:33:24.022449
0,askcomputerscience,6,2019-05-17 13:33:25.553236
0,askcomputerscience,16,2019-05-16 13:33:26.973697
0,askcomputerscience,12,2019-05-15 13:33:28.011695
0,askcomputerscience,16,2019-05-14 13:33:29.130418
0,askcomputerscience,11,2019-05-13 13:33:30.135872
0,askcomputerscience,10,2019-05-12 13:33:31.157525
0,askcomputerscience,9,2019-05-11 13:33:32.152716
0,askcomputerscience,6,2019-05-10 13:33:35.401715
0,askcomputerscience,12,2019-05-09 13:33:36.447513
0,askcomputerscience,18,2019-05-08 13:33:37.526542
0,askcomputerscience,10,2019-05-07 13:33:38.718199
0,askcomputerscience,13,2019-05-06 13:33:40.199063
0,askcomputerscience,16,2019-05-05 13:33:41.249213
0,askcomputerscience,8,2019-05-04 13:33:42.760936
0,askcomputerscience,13,2019-05-03 13:33:46.238485
0,askculinary,31,2019-07-31 13:33:47.675947
0,askculinary,29,2019-07-30 13:33:49.314514
0,askculinary,34,2019-07-29 13:33:50.533956
0,askculinary,29,2019-07-28 13:33:51.874276
0,askculinary,31,2019-07-27 13:33:52.996927
0,askculinary,33,2019-07-26 13:33:54.435071
0,askculinary,60,2019-07-25 13:33:55.638357
0,askculinary,46,2019-07-24 13:33:56.892965
0,askculinary,36,2019-07-23 13:33:58.117922
0,askculinary,44,2019-07-22 13:33:59.329098
0,askculinary,39,2019-07-21 13:34:00.889760
0,askculinary,34,2019-07-20 13:34:02.318721
0,askculinary,30,2019-07-19 13:34:05.902586
0,askculinary,38,2019-07-18 13:34:07.224156
0,askculinary,29,2019-07-17 13:34:08.572483
0,askculinary,43,2019-07-16 13:34:10.097986
0,askculinary,44,2019-07-15 13:34:11.325891
0,askculinary,30,2019-07-14 13:34:12.719497
0,askculinary,33,2019-07-13 13:34:13.992085
0,askculinary,34,2019-07-12 13:34:15.383856
0,askculinary,26,2019-07-11 13:34:16.524244
0,askculinary,29,2019-07-10 13:34:17.883039
0,askculinary,28,2019-07-09 13:34:18.948368
0,askculinary,34,2019-07-08 13:34:22.455206
0,askculinary,44,2019-07-07 13:34:24.027270
0,askculinary,29,2019-07-06 13:34:25.422699
0,askculinary,27,2019-07-05 13:34:26.958480
0,askculinary,31,2019-07-04 13:34:28.317653
0,askculinary,28,2019-07-03 13:34:29.673038
0,askculinary,23,2019-07-02 13:34:31.064010
0,askculinary,30,2019-07-01 13:34:32.217365
0,askculinary,39,2019-06-30 13:34:33.447510
0,askculinary,31,2019-06-29 13:34:34.759846
0,askculinary,22,2019-06-28 13:34:35.904958
0,askculinary,30,2019-06-27 13:34:37.441676
0,askculinary,47,2019-06-26 13:34:38.669607
0,askculinary,35,2019-06-25 13:34:40.103114
0,askculinary,31,2019-06-24 13:34:41.259011
0,askculinary,35,2019-06-23 13:34:42.835458
0,askculinary,23,2019-06-22 13:34:44.268104
0,askculinary,24,2019-06-21 13:34:48.126275
0,askculinary,40,2019-06-20 13:34:49.421469
0,askculinary,36,2019-06-19 13:34:50.753722
0,askculinary,31,2019-06-18 13:34:51.980997
0,askculinary,40,2019-06-17 13:34:53.305220
0,askculinary,34,2019-06-16 13:34:54.723021
0,askculinary,30,2019-06-15 13:34:56.178568
0,askculinary,25,2019-06-14 13:34:57.524262
0,askculinary,41,2019-06-13 13:34:59.058204
0,askculinary,23,2019-06-12 13:35:00.134296
0,askculinary,47,2019-06-11 13:35:01.811589
0,askculinary,45,2019-06-10 13:35:03.347109
0,askculinary,31,2019-06-09 13:35:04.522442
0,askculinary,30,2019-06-08 13:35:05.987041
0,askculinary,35,2019-06-07 13:35:07.158865
0,askculinary,31,2019-06-06 13:35:08.364598
0,askculinary,35,2019-06-05 13:35:11.648148
0,askculinary,33,2019-06-04 13:35:12.816264
0,askculinary,47,2019-06-03 13:35:14.587461
0,askculinary,34,2019-06-02 13:35:15.719698
0,askculinary,26,2019-06-01 13:35:16.863751
0,askculinary,26,2019-05-31 13:35:18.092672
0,askculinary,34,2019-05-30 13:35:19.425271
0,askculinary,32,2019-05-29 13:35:20.691740
0,askculinary,38,2019-05-28 13:35:22.190434
0,askculinary,29,2019-05-27 13:35:23.748461
0,askculinary,27,2019-05-26 13:35:24.850897
0,askculinary,36,2019-05-25 13:35:28.479359
0,askculinary,19,2019-05-24 13:35:29.579957
0,askculinary,29,2019-05-23 13:35:30.832125
0,askculinary,31,2019-05-22 13:35:32.142492
0,askculinary,35,2019-05-21 13:35:33.656752
0,askculinary,45,2019-05-20 13:35:34.967302
0,askculinary,35,2019-05-19 13:35:36.191355
0,askculinary,32,2019-05-18 13:35:37.752227
0,askculinary,22,2019-05-17 13:35:39.147899
0,askculinary,37,2019-05-16 13:35:40.540403
0,askculinary,31,2019-05-15 13:35:42.155873
0,askculinary,25,2019-05-14 13:35:43.691824
0,askculinary,42,2019-05-13 13:35:45.291102
0,askculinary,35,2019-05-12 13:35:46.867025
0,askculinary,25,2019-05-11 13:35:48.407875
0,askculinary,33,2019-05-10 13:35:49.836028
0,askculinary,35,2019-05-09 13:35:51.030468
0,askculinary,37,2019-05-08 13:35:53.521875
0,askculinary,49,2019-05-07 13:35:54.800877
0,askculinary,42,2019-05-06 13:35:56.287663
0,askculinary,38,2019-05-05 13:35:58.438292
0,askculinary,20,2019-05-04 13:35:59.870320
0,askculinary,30,2019-05-03 13:36:01.038488
0,trueaskreddit,6,2019-07-31 13:36:02.335044
0,trueaskreddit,10,2019-07-30 13:36:03.863728
0,trueaskreddit,4,2019-07-29 13:36:04.580774
0,trueaskreddit,10,2019-07-28 13:36:05.904669
0,trueaskreddit,8,2019-07-27 13:36:07.219595
0,trueaskreddit,9,2019-07-26 13:36:11.730766
0,trueaskreddit,6,2019-07-25 13:36:12.969522
0,trueaskreddit,7,2019-07-24 13:36:13.976328
0,trueaskreddit,4,2019-07-23 13:36:14.669602
0,trueaskreddit,10,2019-07-22 13:36:15.983457
0,trueaskreddit,4,2019-07-21 13:36:16.877588
0,trueaskreddit,7,2019-07-20 13:36:18.123461
0,trueaskreddit,5,2019-07-19 13:36:19.293752
0,trueaskreddit,6,2019-07-18 13:36:22.807325
0,trueaskreddit,14,2019-07-17 13:36:23.831356
0,trueaskreddit,8,2019-07-16 13:36:25.026251
0,trueaskreddit,9,2019-07-15 13:36:26.084281
0,trueaskreddit,9,2019-07-14 13:36:27.196740
0,trueaskreddit,6,2019-07-13 13:36:28.619651
0,trueaskreddit,12,2019-07-12 13:36:29.718968
0,trueaskreddit,6,2019-07-11 13:36:32.940203
0,trueaskreddit,4,2019-07-10 13:36:34.275158
0,trueaskreddit,6,2019-07-09 13:36:35.299674
0,trueaskreddit,6,2019-07-08 13:36:36.600922
0,trueaskreddit,8,2019-07-07 13:36:37.972100
0,trueaskreddit,7,2019-07-06 13:36:39.267106
0,trueaskreddit,7,2019-07-05 13:36:40.688097
0,trueaskreddit,3,2019-07-04 13:36:41.629313
0,trueaskreddit,4,2019-07-03 13:36:45.267295
0,trueaskreddit,4,2019-07-02 13:36:46.768297
0,trueaskreddit,12,2019-07-01 13:36:48.201766
0,trueaskreddit,10,2019-06-30 13:36:49.636385
0,trueaskreddit,5,2019-06-29 13:36:50.660065
0,trueaskreddit,3,2019-06-28 13:36:51.580752
0,trueaskreddit,11,2019-06-27 13:36:52.965175
0,trueaskreddit,6,2019-06-26 13:36:54.223344
0,trueaskreddit,10,2019-06-25 13:36:55.340062
0,trueaskreddit,5,2019-06-24 13:36:58.564763
0,trueaskreddit,6,2019-06-23 13:36:59.955283
0,trueaskreddit,7,2019-06-22 13:37:01.080995
0,trueaskreddit,7,2019-06-21 13:37:02.538659
0,trueaskreddit,7,2019-06-20 13:37:03.610682
0,trueaskreddit,5,2019-06-19 13:37:04.954308
0,trueaskreddit,9,2019-06-18 13:37:06.345713
0,trueaskreddit,8,2019-06-17 13:37:07.361316
0,trueaskreddit,5,2019-06-16 13:37:10.960679
0,trueaskreddit,6,2019-06-15 13:37:12.367981
0,trueaskreddit,3,2019-06-14 13:37:13.341985
0,trueaskreddit,4,2019-06-13 13:37:14.108421
0,trueaskreddit,11,2019-06-12 13:37:15.105406
0,trueaskreddit,3,2019-06-11 13:37:18.473530
0,trueaskreddit,9,2019-06-10 13:37:19.534970
0,trueaskreddit,5,2019-06-09 13:37:20.560680
0,trueaskreddit,3,2019-06-08 13:37:21.890327
0,trueaskreddit,6,2019-06-07 13:37:23.159650
0,trueaskreddit,9,2019-06-06 13:37:24.451137
0,trueaskreddit,6,2019-06-05 13:37:25.576424
0,trueaskreddit,6,2019-06-04 13:37:29.089326
0,trueaskreddit,5,2019-06-03 13:37:30.414729
0,trueaskreddit,8,2019-06-02 13:37:31.618981
0,trueaskreddit,3,2019-06-01 13:37:32.639385
0,trueaskreddit,3,2019-05-31 13:37:33.869933
0,trueaskreddit,4,2019-05-30 13:37:34.939909
0,trueaskreddit,7,2019-05-29 13:37:36.430747
0,trueaskreddit,8,2019-05-28 13:37:37.962910
0,trueaskreddit,7,2019-05-27 13:37:38.977291
0,trueaskreddit,7,2019-05-26 13:37:40.323053
0,trueaskreddit,6,2019-05-25 13:37:41.755457
0,trueaskreddit,3,2019-05-24 13:37:45.441503
0,trueaskreddit,7,2019-05-23 13:37:46.568349
0,trueaskreddit,8,2019-05-22 13:37:47.313639
0,trueaskreddit,6,2019-05-21 13:37:48.581805
0,trueaskreddit,7,2019-05-20 13:37:50.050354
0,trueaskreddit,6,2019-05-19 13:37:51.685056
0,trueaskreddit,8,2019-05-18 13:37:52.956542
0,trueaskreddit,2,2019-05-17 13:37:54.253230
0,trueaskreddit,5,2019-05-16 13:37:55.183043
0,trueaskreddit,6,2019-05-15 13:37:58.966376
0,trueaskreddit,5,2019-05-14 13:37:59.934232
0,trueaskreddit,10,2019-05-13 13:38:01.025763
0,trueaskreddit,5,2019-05-12 13:38:02.438823
0,trueaskreddit,11,2019-05-11 13:38:03.770549
0,trueaskreddit,9,2019-05-10 13:38:05.105710
0,trueaskreddit,7,2019-05-09 13:38:06.433544
0,trueaskreddit,11,2019-05-08 13:38:07.460578
0,trueaskreddit,9,2019-05-07 13:38:08.890025
0,trueaskreddit,11,2019-05-06 13:38:10.322586
0,trueaskreddit,7,2019-05-05 13:38:11.963293
0,trueaskreddit,10,2019-05-04 13:38:15.219200
0,trueaskreddit,5,2019-05-03 13:38:16.549968
0,asksocialscience,5,2019-07-31 13:38:17.593943
0,asksocialscience,6,2019-07-30 13:38:18.823731
0,asksocialscience,7,2019-07-29 13:38:20.116779
0,asksocialscience,11,2019-07-28 13:38:21.456164
0,asksocialscience,2,2019-07-27 13:38:22.826299
0,asksocialscience,6,2019-07-26 13:38:24.123977
0,asksocialscience,8,2019-07-25 13:38:25.216642
0,asksocialscience,3,2019-07-24 13:38:26.946063
0,asksocialscience,8,2019-07-23 13:38:28.448047
0,asksocialscience,6,2019-07-22 13:38:31.824920
0,asksocialscience,7,2019-07-21 13:38:33.111739
0,asksocialscience,3,2019-07-20 13:38:34.080595
0,asksocialscience,4,2019-07-19 13:38:35.106919
0,asksocialscience,6,2019-07-18 13:38:36.125605
0,asksocialscience,3,2019-07-17 13:38:37.360212
0,asksocialscience,9,2019-07-16 13:38:38.638707
0,asksocialscience,4,2019-07-15 13:38:41.964486
0,asksocialscience,7,2019-07-14 13:38:43.117645
0,asksocialscience,6,2019-07-13 13:38:44.421912
0,asksocialscience,5,2019-07-12 13:38:45.753799
0,asksocialscience,10,2019-07-11 13:38:46.939167
0,asksocialscience,5,2019-07-10 13:38:48.314543
0,asksocialscience,7,2019-07-09 13:38:49.358259
0,asksocialscience,4,2019-07-08 13:38:50.872991
0,asksocialscience,6,2019-07-07 13:38:52.120749
0,asksocialscience,6,2019-07-06 13:38:55.809483
0,asksocialscience,5,2019-07-05 13:38:56.971475
0,asksocialscience,9,2019-07-04 13:38:58.236418
0,asksocialscience,4,2019-07-03 13:38:59.527798
0,asksocialscience,5,2019-07-02 13:39:00.970258
0,asksocialscience,4,2019-07-01 13:39:02.034136
0,asksocialscience,8,2019-06-30 13:39:03.132485
0,asksocialscience,3,2019-06-29 13:39:06.214390
0,asksocialscience,5,2019-06-28 13:39:07.867251
0,asksocialscience,5,2019-06-27 13:39:08.892513
0,asksocialscience,9,2019-06-26 13:39:10.021328
0,asksocialscience,2,2019-06-25 13:39:11.330562
0,asksocialscience,5,2019-06-24 13:39:12.376588
0,asksocialscience,5,2019-06-23 13:39:13.809708
0,asksocialscience,7,2019-06-22 13:39:14.831288
0,asksocialscience,9,2019-06-21 13:39:18.520680
0,asksocialscience,6,2019-06-20 13:39:19.851028
0,asksocialscience,3,2019-06-19 13:39:20.875514
0,asksocialscience,5,2019-06-18 13:39:21.960031
0,asksocialscience,6,2019-06-17 13:39:23.220652
0,asksocialscience,6,2019-06-16 13:39:23.960103
0,asksocialscience,8,2019-06-15 13:39:27.500376
0,asksocialscience,3,2019-06-14 13:39:28.409152
0,asksocialscience,10,2019-06-13 13:39:29.473434
0,asksocialscience,9,2019-06-12 13:39:30.808107
0,asksocialscience,4,2019-06-11 13:39:32.044382
0,asksocialscience,4,2019-06-10 13:39:33.042789
0,asksocialscience,5,2019-06-09 13:39:36.436318
0,asksocialscience,7,2019-06-08 13:39:37.524269
0,asksocialscience,8,2019-06-07 13:39:38.542750
0,asksocialscience,8,2019-06-06 13:39:39.921049
0,asksocialscience,3,2019-06-05 13:39:41.138700
0,asksocialscience,11,2019-06-04 13:39:42.562136
0,asksocialscience,8,2019-06-03 13:39:43.988388
0,asksocialscience,5,2019-06-02 13:39:45.306077
0,asksocialscience,6,2019-06-01 13:39:46.380058
0,asksocialscience,4,2019-05-31 13:39:49.505008
0,asksocialscience,14,2019-05-30 13:39:50.644322
0,asksocialscience,8,2019-05-29 13:39:51.799063
0,asksocialscience,6,2019-05-28 13:39:52.547328
0,asksocialscience,6,2019-05-27 13:39:56.098680
0,asksocialscience,4,2019-05-26 13:39:57.191766
0,asksocialscience,12,2019-05-25 13:39:58.520657
0,asksocialscience,6,2019-05-24 13:39:59.888595
0,asksocialscience,6,2019-05-23 13:40:01.209544
0,asksocialscience,11,2019-05-22 13:40:02.361197
0,asksocialscience,9,2019-05-21 13:40:03.367642
0,asksocialscience,4,2019-05-20 13:40:04.598734
0,asksocialscience,3,2019-05-19 13:40:07.971291
0,asksocialscience,5,2019-05-18 13:40:09.309872
0,asksocialscience,10,2019-05-17 13:40:10.333962
0,asksocialscience,6,2019-05-16 13:40:11.705780
0,asksocialscience,9,2019-05-15 13:40:12.717421
0,asksocialscience,5,2019-05-14 13:40:14.119690
0,asksocialscience,9,2019-05-13 13:40:15.219369
0,asksocialscience,9,2019-05-12 13:40:16.139825
0,asksocialscience,6,2019-05-11 13:40:19.546420
0,asksocialscience,9,2019-05-10 13:40:20.675425
0,asksocialscience,11,2019-05-09 13:40:21.782417
0,asksocialscience,10,2019-05-08 13:40:22.894250
0,asksocialscience,7,2019-05-07 13:40:24.290410
0,asksocialscience,12,2019-05-06 13:40:25.590745
0,asksocialscience,6,2019-05-05 13:40:27.059561
0,asksocialscience,8,2019-05-04 13:40:28.467769
0,asksocialscience,5,2019-05-03 13:40:31.795241
0,askengineers,41,2019-07-31 13:40:33.042849
0,askengineers,37,2019-07-30 13:40:34.157725
0,askengineers,58,2019-07-29 13:40:35.613153
0,askengineers,42,2019-07-28 13:40:36.853619
0,askengineers,28,2019-07-27 13:40:38.253516
0,askengineers,26,2019-07-26 13:40:39.574540
0,askengineers,49,2019-07-25 13:40:40.847449
0,askengineers,41,2019-07-24 13:40:42.077005
0,askengineers,47,2019-07-23 13:40:45.864823
0,askengineers,63,2019-07-22 13:40:47.298585
0,askengineers,51,2019-07-21 13:40:48.921979
0,askengineers,38,2019-07-20 13:40:50.411313
0,askengineers,33,2019-07-19 13:40:51.920159
0,askengineers,58,2019-07-18 13:40:53.230440
0,askengineers,47,2019-07-17 13:40:54.465888
0,askengineers,55,2019-07-16 13:40:56.001935
0,askengineers,59,2019-07-15 13:40:57.679194
0,askengineers,49,2019-07-14 13:40:58.964287
0,askengineers,50,2019-07-13 13:41:00.144556
0,askengineers,32,2019-07-12 13:41:01.532189
0,askengineers,55,2019-07-11 13:41:03.070278
0,askengineers,55,2019-07-10 13:41:04.500796
0,askengineers,51,2019-07-09 13:41:05.737878
0,askengineers,52,2019-07-08 13:41:07.262894
0,askengineers,52,2019-07-07 13:41:08.640100
0,askengineers,37,2019-07-06 13:41:10.126713
0,askengineers,33,2019-07-05 13:41:11.361518
0,askengineers,49,2019-07-04 13:41:13.113961
0,askengineers,50,2019-07-03 13:41:14.578886
0,askengineers,49,2019-07-02 13:41:15.868292
0,askengineers,58,2019-07-01 13:41:17.193551
0,askengineers,46,2019-06-30 13:41:18.941013
0,askengineers,35,2019-06-29 13:41:20.476078
0,askengineers,21,2019-06-28 13:41:21.908221
0,askengineers,43,2019-06-27 13:41:23.204911
0,askengineers,52,2019-06-26 13:41:24.878169
0,askengineers,53,2019-06-25 13:41:26.307555
0,askengineers,63,2019-06-24 13:41:27.961434
0,askengineers,43,2019-06-23 13:41:29.293854
0,askengineers,44,2019-06-22 13:41:30.518465
0,askengineers,41,2019-06-21 13:41:31.941858
0,askengineers,50,2019-06-20 13:41:33.171886
0,askengineers,56,2019-06-19 13:41:34.365160
0,askengineers,57,2019-06-18 13:41:38.113166
0,askengineers,47,2019-06-17 13:41:39.615795
0,askengineers,54,2019-06-16 13:41:40.848612
0,askengineers,29,2019-06-15 13:41:42.284959
0,askengineers,28,2019-06-14 13:41:43.415967
0,askengineers,49,2019-06-13 13:41:44.420368
0,askengineers,59,2019-06-12 13:41:45.765360
0,askengineers,58,2019-06-11 13:41:46.983725
0,askengineers,43,2019-06-10 13:41:48.575639
0,askengineers,57,2019-06-09 13:41:50.219719
0,askengineers,35,2019-06-08 13:41:51.771505
0,askengineers,35,2019-06-07 13:41:53.119151
0,askengineers,38,2019-06-06 13:41:54.367676
0,askengineers,49,2019-06-05 13:41:55.670909
0,askengineers,52,2019-06-04 13:41:57.178582
0,askengineers,52,2019-06-03 13:41:58.915362
0,askengineers,52,2019-06-02 13:42:00.613049
0,askengineers,36,2019-06-01 13:42:02.047688
0,askengineers,47,2019-05-31 13:42:03.327475
0,askengineers,42,2019-05-30 13:42:04.916163
0,askengineers,50,2019-05-29 13:42:05.937466
0,askengineers,60,2019-05-28 13:42:07.679915
0,askengineers,68,2019-05-27 13:42:09.080814
0,askengineers,37,2019-05-26 13:42:10.444316
0,askengineers,34,2019-05-25 13:42:11.979105
0,askengineers,35,2019-05-24 13:42:13.721092
0,askengineers,40,2019-05-23 13:42:14.962379
0,askengineers,50,2019-05-22 13:42:16.633749
0,askengineers,73,2019-05-21 13:42:18.125791
0,askengineers,46,2019-05-20 13:42:19.557692
0,askengineers,36,2019-05-19 13:42:22.937345
0,askengineers,29,2019-05-18 13:42:24.271937
0,askengineers,28,2019-05-17 13:42:25.848444
0,askengineers,49,2019-05-16 13:42:27.134837
0,askengineers,37,2019-05-15 13:42:28.465924
0,askengineers,36,2019-05-14 13:42:29.757719
0,askengineers,39,2019-05-13 13:42:31.467407
0,askengineers,38,2019-05-12 13:42:32.656992
0,askengineers,29,2019-05-11 13:42:33.735601
0,askengineers,35,2019-05-10 13:42:35.041742
0,askengineers,51,2019-05-09 13:42:36.350817
0,askengineers,54,2019-05-08 13:42:37.912755
0,askengineers,49,2019-05-07 13:42:39.829515
0,askengineers,46,2019-05-06 13:42:41.675722
0,askengineers,35,2019-05-05 13:42:43.347644
0,askengineers,33,2019-05-04 13:42:44.747390
0,askengineers,35,2019-05-03 13:42:46.077910
0,askphilosophy,29,2019-07-31 13:42:47.207690
0,askphilosophy,51,2019-07-30 13:42:48.513111
0,askphilosophy,58,2019-07-29 13:42:50.072834
0,askphilosophy,57,2019-07-28 13:42:51.101018
0,askphilosophy,38,2019-07-27 13:42:52.324399
0,askphilosophy,40,2019-07-26 13:42:55.912896
0,askphilosophy,45,2019-07-25 13:42:56.957213
0,askphilosophy,46,2019-07-24 13:42:58.136333
0,askphilosophy,41,2019-07-23 13:42:59.532072
0,askphilosophy,39,2019-07-22 13:43:01.010122
0,askphilosophy,38,2019-07-21 13:43:02.257172
0,askphilosophy,42,2019-07-20 13:43:03.977900
0,askphilosophy,44,2019-07-19 13:43:05.217052
0,askphilosophy,43,2019-07-18 13:43:06.795903
0,askphilosophy,42,2019-07-17 13:43:08.176365
0,askphilosophy,55,2019-07-16 13:43:09.551365
0,askphilosophy,31,2019-07-15 13:43:10.722757
0,askphilosophy,49,2019-07-14 13:43:11.982907
0,askphilosophy,26,2019-07-13 13:43:13.317195
0,askphilosophy,42,2019-07-12 13:43:17.060013
0,askphilosophy,40,2019-07-11 13:43:18.540339
0,askphilosophy,46,2019-07-10 13:43:20.070028
0,askphilosophy,49,2019-07-09 13:43:21.677843
0,askphilosophy,43,2019-07-08 13:43:23.160569
0,askphilosophy,42,2019-07-07 13:43:24.786218
0,askphilosophy,47,2019-07-06 13:43:26.217427
0,askphilosophy,36,2019-07-05 13:43:27.392954
0,askphilosophy,37,2019-07-04 13:43:28.675259
0,askphilosophy,31,2019-07-03 13:43:29.803109
0,askphilosophy,47,2019-07-02 13:43:31.015979
0,askphilosophy,47,2019-07-01 13:43:32.451207
0,askphilosophy,49,2019-06-30 13:43:33.668641
0,askphilosophy,46,2019-06-29 13:43:35.109187
0,askphilosophy,39,2019-06-28 13:43:36.346186
0,askphilosophy,30,2019-06-27 13:43:37.581720
0,askphilosophy,35,2019-06-26 13:43:39.097376
0,askphilosophy,37,2019-06-25 13:43:40.688731
0,askphilosophy,38,2019-06-24 13:43:44.226277
0,askphilosophy,48,2019-06-23 13:43:45.980446
0,askphilosophy,43,2019-06-22 13:43:47.300545
0,askphilosophy,37,2019-06-21 13:43:48.572396
0,askphilosophy,47,2019-06-20 13:43:49.975300
0,askphilosophy,37,2019-06-19 13:43:51.431398
0,askphilosophy,43,2019-06-18 13:43:52.698746
0,askphilosophy,32,2019-06-17 13:43:54.173429
0,askphilosophy,44,2019-06-16 13:43:55.735413
0,askphilosophy,37,2019-06-15 13:43:56.983231
0,askphilosophy,45,2019-06-14 13:43:57.886297
0,askphilosophy,34,2019-06-13 13:43:59.087206
0,askphilosophy,45,2019-06-12 13:44:00.281382
0,askphilosophy,50,2019-06-11 13:44:01.533162
0,askphilosophy,39,2019-06-10 13:44:03.081389
0,askphilosophy,53,2019-06-09 13:44:04.616489
0,askphilosophy,44,2019-06-08 13:44:06.169616
0,askphilosophy,33,2019-06-07 13:44:07.380942
0,askphilosophy,47,2019-06-06 13:44:10.988271
0,askphilosophy,49,2019-06-05 13:44:12.296761
0,askphilosophy,34,2019-06-04 13:44:13.626911
0,askphilosophy,49,2019-06-03 13:44:15.139508
0,askphilosophy,48,2019-06-02 13:44:16.387916
0,askphilosophy,47,2019-06-01 13:44:17.370116
0,askphilosophy,42,2019-05-31 13:44:18.945217
0,askphilosophy,47,2019-05-30 13:44:20.375448
0,askphilosophy,38,2019-05-29 13:44:21.613533
0,askphilosophy,44,2019-05-28 13:44:23.156872
0,askphilosophy,58,2019-05-27 13:44:24.071886
0,askphilosophy,35,2019-05-26 13:44:27.759043
0,askphilosophy,42,2019-05-25 13:44:28.948505
0,askphilosophy,41,2019-05-24 13:44:29.701623
0,askphilosophy,40,2019-05-23 13:44:31.129812
0,askphilosophy,54,2019-05-22 13:44:32.571208
0,askphilosophy,34,2019-05-21 13:44:33.902229
0,askphilosophy,41,2019-05-20 13:44:35.394196
0,askphilosophy,60,2019-05-19 13:44:36.584332
0,askphilosophy,46,2019-05-18 13:44:37.793179
0,askphilosophy,45,2019-05-17 13:44:39.291779
0,askphilosophy,43,2019-05-16 13:44:40.947769
0,askphilosophy,44,2019-05-15 13:44:42.196888
0,askphilosophy,44,2019-05-14 13:44:43.649684
0,askphilosophy,55,2019-05-13 13:44:46.087372
0,askphilosophy,56,2019-05-12 13:44:47.509887
0,askphilosophy,38,2019-05-11 13:44:48.916991
0,askphilosophy,47,2019-05-10 13:44:50.490475
0,askphilosophy,38,2019-05-09 13:44:51.514359
0,askphilosophy,54,2019-05-08 13:44:53.000203
0,askphilosophy,53,2019-05-07 13:44:54.460230
0,askphilosophy,47,2019-05-06 13:44:55.660323
0,askphilosophy,42,2019-05-05 13:44:56.952476
0,askphilosophy,54,2019-05-04 13:44:58.579657
0,askphilosophy,42,2019-05-03 13:45:00.014864
