,doc_count,key,subreddit
0,14054.0,1556668800.0,askreddit
1,258689.0,1556755200.0,askreddit
2,240417.0,1556841600.0,askreddit
3,213052.0,1556928000.0,askreddit
4,240292.0,1557014400.0,askreddit
5,226120.0,1557100800.0,askreddit
6,240533.0,1557187200.0,askreddit
7,237829.0,1557273600.0,askreddit
8,243105.0,1557360000.0,askreddit
9,204825.0,1557446400.0,askreddit
10,192360.0,1557532800.0,askreddit
11,191962.0,1557619200.0,askreddit
12,207818.0,1557705600.0,askreddit
13,227558.0,1557792000.0,askreddit
14,231408.0,1557878400.0,askreddit
15,211800.0,1557964800.0,askreddit
16,228967.0,1558051200.0,askreddit
17,207543.0,1558137600.0,askreddit
18,206035.0,1558224000.0,askreddit
19,180329.0,1558310400.0,askreddit
20,200478.0,1558396800.0,askreddit
21,207800.0,1558483200.0,askreddit
22,195942.0,1558569600.0,askreddit
23,204219.0,1558656000.0,askreddit
24,172139.0,1558742400.0,askreddit
25,175827.0,1558828800.0,askreddit
26,219813.0,1558915200.0,askreddit
27,281354.0,1559001600.0,askreddit
28,273049.0,1559088000.0,askreddit
29,256909.0,1559174400.0,askreddit
30,299182.0,1559260800.0,askreddit
31,208195.0,1559347200.0,askreddit
32,231849.0,1559433600.0,askreddit
33,244472.0,1559520000.0,askreddit
34,288978.0,1559606400.0,askreddit
35,259206.0,1559692800.0,askreddit
36,253594.0,1559779200.0,askreddit
37,213000.0,1559865600.0,askreddit
38,220523.0,1559952000.0,askreddit
39,230137.0,1560038400.0,askreddit
40,226699.0,1560124800.0,askreddit
41,266611.0,1560211200.0,askreddit
42,252842.0,1560297600.0,askreddit
43,255905.0,1560384000.0,askreddit
44,246301.0,1560470400.0,askreddit
45,223522.0,1560556800.0,askreddit
46,210460.0,1560643200.0,askreddit
47,235246.0,1560729600.0,askreddit
48,272362.0,1560816000.0,askreddit
49,269850.0,1560902400.0,askreddit
50,262090.0,1560988800.0,askreddit
51,256917.0,1561075200.0,askreddit
52,226395.0,1561161600.0,askreddit
53,235237.0,1561248000.0,askreddit
54,249299.0,1561334400.0,askreddit
55,232278.0,1561420800.0,askreddit
56,272868.0,1561507200.0,askreddit
57,268194.0,1561593600.0,askreddit
58,255213.0,1561680000.0,askreddit
59,220408.0,1561766400.0,askreddit
60,201812.0,1561852800.0,askreddit
61,216989.0,1561939200.0,askreddit
62,252445.0,1562025600.0,askreddit
63,224643.0,1562112000.0,askreddit
64,237233.0,1562198400.0,askreddit
65,221523.0,1562284800.0,askreddit
66,241683.0,1562371200.0,askreddit
67,203044.0,1562457600.0,askreddit
68,227912.0,1562544000.0,askreddit
69,308845.0,1562630400.0,askreddit
70,276019.0,1562716800.0,askreddit
71,274564.0,1562803200.0,askreddit
72,280607.0,1562889600.0,askreddit
73,285981.0,1562976000.0,askreddit
74,270276.0,1563062400.0,askreddit
75,246759.0,1563148800.0,askreddit
76,332600.0,1563235200.0,askreddit
77,278392.0,1563321600.0,askreddit
78,305895.0,1563408000.0,askreddit
79,272385.0,1563494400.0,askreddit
80,258885.0,1563580800.0,askreddit
81,210544.0,1563667200.0,askreddit
82,279322.0,1563753600.0,askreddit
83,285947.0,1563840000.0,askreddit
84,288121.0,1563926400.0,askreddit
85,241888.0,1564012800.0,askreddit
86,283085.0,1564099200.0,askreddit
87,249604.0,1564185600.0,askreddit
88,262019.0,1564272000.0,askreddit
89,248444.0,1564358400.0,askreddit
90,246070.0,1564444800.0,askreddit
0,148.0,1556668800.0,askscience
1,1534.0,1556755200.0,askscience
2,1006.0,1556841600.0,askscience
3,1185.0,1556928000.0,askscience
4,771.0,1557014400.0,askscience
5,976.0,1557100800.0,askscience
6,1098.0,1557187200.0,askscience
7,1497.0,1557273600.0,askscience
8,1220.0,1557360000.0,askscience
9,1253.0,1557446400.0,askscience
10,1142.0,1557532800.0,askscience
11,906.0,1557619200.0,askscience
12,886.0,1557705600.0,askscience
13,1247.0,1557792000.0,askscience
14,1127.0,1557878400.0,askscience
15,1312.0,1557964800.0,askscience
16,1161.0,1558051200.0,askscience
17,875.0,1558137600.0,askscience
18,900.0,1558224000.0,askscience
19,706.0,1558310400.0,askscience
20,669.0,1558396800.0,askscience
21,1257.0,1558483200.0,askscience
22,1346.0,1558569600.0,askscience
23,875.0,1558656000.0,askscience
24,966.0,1558742400.0,askscience
25,940.0,1558828800.0,askscience
26,1478.0,1558915200.0,askscience
27,873.0,1559001600.0,askscience
28,941.0,1559088000.0,askscience
29,1099.0,1559174400.0,askscience
30,1204.0,1559260800.0,askscience
31,1316.0,1559347200.0,askscience
32,1100.0,1559433600.0,askscience
33,1170.0,1559520000.0,askscience
34,827.0,1559606400.0,askscience
35,1081.0,1559692800.0,askscience
36,1079.0,1559779200.0,askscience
37,895.0,1559865600.0,askscience
38,2260.0,1559952000.0,askscience
39,1042.0,1560038400.0,askscience
40,473.0,1560124800.0,askscience
41,1967.0,1560211200.0,askscience
42,1119.0,1560297600.0,askscience
43,1444.0,1560384000.0,askscience
44,648.0,1560470400.0,askscience
45,1284.0,1560556800.0,askscience
46,1131.0,1560643200.0,askscience
47,1474.0,1560729600.0,askscience
48,1243.0,1560816000.0,askscience
49,1321.0,1560902400.0,askscience
50,1694.0,1560988800.0,askscience
51,2034.0,1561075200.0,askscience
52,719.0,1561161600.0,askscience
53,965.0,1561248000.0,askscience
54,1163.0,1561334400.0,askscience
55,888.0,1561420800.0,askscience
56,2201.0,1561507200.0,askscience
57,1150.0,1561593600.0,askscience
58,1469.0,1561680000.0,askscience
59,1076.0,1561766400.0,askscience
60,1381.0,1561852800.0,askscience
61,1098.0,1561939200.0,askscience
62,1090.0,1562025600.0,askscience
63,1359.0,1562112000.0,askscience
64,1109.0,1562198400.0,askscience
65,1348.0,1562284800.0,askscience
66,1169.0,1562371200.0,askscience
67,1032.0,1562457600.0,askscience
68,1851.0,1562544000.0,askscience
69,1180.0,1562630400.0,askscience
70,981.0,1562716800.0,askscience
71,1315.0,1562803200.0,askscience
72,739.0,1562889600.0,askscience
73,767.0,1562976000.0,askscience
74,1152.0,1563062400.0,askscience
75,1074.0,1563148800.0,askscience
76,806.0,1563235200.0,askscience
77,1511.0,1563321600.0,askscience
78,1034.0,1563408000.0,askscience
79,1689.0,1563494400.0,askscience
80,1063.0,1563580800.0,askscience
81,1089.0,1563667200.0,askscience
82,637.0,1563753600.0,askscience
83,933.0,1563840000.0,askscience
84,1641.0,1563926400.0,askscience
85,1035.0,1564012800.0,askscience
86,1098.0,1564099200.0,askscience
87,728.0,1564185600.0,askscience
88,569.0,1564272000.0,askscience
89,1091.0,1564358400.0,askscience
90,932.0,1564444800.0,askscience
0,24.0,1556668800.0,askhistorians
1,486.0,1556755200.0,askhistorians
2,403.0,1556841600.0,askhistorians
3,494.0,1556928000.0,askhistorians
4,540.0,1557014400.0,askhistorians
5,421.0,1557100800.0,askhistorians
6,435.0,1557187200.0,askhistorians
7,594.0,1557273600.0,askhistorians
8,435.0,1557360000.0,askhistorians
9,385.0,1557446400.0,askhistorians
10,359.0,1557532800.0,askhistorians
11,692.0,1557619200.0,askhistorians
12,633.0,1557705600.0,askhistorians
13,420.0,1557792000.0,askhistorians
14,455.0,1557878400.0,askhistorians
15,453.0,1557964800.0,askhistorians
16,440.0,1558051200.0,askhistorians
17,600.0,1558137600.0,askhistorians
18,454.0,1558224000.0,askhistorians
19,423.0,1558310400.0,askhistorians
20,491.0,1558396800.0,askhistorians
21,374.0,1558483200.0,askhistorians
22,555.0,1558569600.0,askhistorians
23,570.0,1558656000.0,askhistorians
24,413.0,1558742400.0,askhistorians
25,399.0,1558828800.0,askhistorians
26,559.0,1558915200.0,askhistorians
27,489.0,1559001600.0,askhistorians
28,655.0,1559088000.0,askhistorians
29,549.0,1559174400.0,askhistorians
30,478.0,1559260800.0,askhistorians
31,908.0,1559347200.0,askhistorians
32,598.0,1559433600.0,askhistorians
33,563.0,1559520000.0,askhistorians
34,462.0,1559606400.0,askhistorians
35,498.0,1559692800.0,askhistorians
36,611.0,1559779200.0,askhistorians
37,568.0,1559865600.0,askhistorians
38,607.0,1559952000.0,askhistorians
39,568.0,1560038400.0,askhistorians
40,569.0,1560124800.0,askhistorians
41,750.0,1560211200.0,askhistorians
42,588.0,1560297600.0,askhistorians
43,603.0,1560384000.0,askhistorians
44,549.0,1560470400.0,askhistorians
45,491.0,1560556800.0,askhistorians
46,714.0,1560643200.0,askhistorians
47,603.0,1560729600.0,askhistorians
48,469.0,1560816000.0,askhistorians
49,723.0,1560902400.0,askhistorians
50,749.0,1560988800.0,askhistorians
51,538.0,1561075200.0,askhistorians
52,519.0,1561161600.0,askhistorians
53,614.0,1561248000.0,askhistorians
54,667.0,1561334400.0,askhistorians
55,459.0,1561420800.0,askhistorians
56,476.0,1561507200.0,askhistorians
57,636.0,1561593600.0,askhistorians
58,462.0,1561680000.0,askhistorians
59,399.0,1561766400.0,askhistorians
60,549.0,1561852800.0,askhistorians
61,634.0,1561939200.0,askhistorians
62,639.0,1562025600.0,askhistorians
63,686.0,1562112000.0,askhistorians
64,608.0,1562198400.0,askhistorians
65,622.0,1562284800.0,askhistorians
66,464.0,1562371200.0,askhistorians
67,1222.0,1562457600.0,askhistorians
68,1067.0,1562544000.0,askhistorians
69,817.0,1562630400.0,askhistorians
70,750.0,1562716800.0,askhistorians
71,787.0,1562803200.0,askhistorians
72,797.0,1562889600.0,askhistorians
73,600.0,1562976000.0,askhistorians
74,609.0,1563062400.0,askhistorians
75,677.0,1563148800.0,askhistorians
76,611.0,1563235200.0,askhistorians
77,622.0,1563321600.0,askhistorians
78,714.0,1563408000.0,askhistorians
79,616.0,1563494400.0,askhistorians
80,561.0,1563580800.0,askhistorians
81,832.0,1563667200.0,askhistorians
82,678.0,1563753600.0,askhistorians
83,753.0,1563840000.0,askhistorians
84,614.0,1563926400.0,askhistorians
85,736.0,1564012800.0,askhistorians
86,670.0,1564099200.0,askhistorians
87,570.0,1564185600.0,askhistorians
88,648.0,1564272000.0,askhistorians
89,690.0,1564358400.0,askhistorians
90,626.0,1564444800.0,askhistorians
0,5.0,1556668800.0,askcomputerscience
1,83.0,1556755200.0,askcomputerscience
2,58.0,1556841600.0,askcomputerscience
3,41.0,1556928000.0,askcomputerscience
4,21.0,1557014400.0,askcomputerscience
5,46.0,1557100800.0,askcomputerscience
6,106.0,1557187200.0,askcomputerscience
7,86.0,1557273600.0,askcomputerscience
8,109.0,1557360000.0,askcomputerscience
9,125.0,1557446400.0,askcomputerscience
10,57.0,1557532800.0,askcomputerscience
11,63.0,1557619200.0,askcomputerscience
12,65.0,1557705600.0,askcomputerscience
13,82.0,1557792000.0,askcomputerscience
14,67.0,1557878400.0,askcomputerscience
15,83.0,1557964800.0,askcomputerscience
16,57.0,1558051200.0,askcomputerscience
17,47.0,1558137600.0,askcomputerscience
18,56.0,1558224000.0,askcomputerscience
19,55.0,1558310400.0,askcomputerscience
20,26.0,1558396800.0,askcomputerscience
21,98.0,1558483200.0,askcomputerscience
22,55.0,1558569600.0,askcomputerscience
23,77.0,1558656000.0,askcomputerscience
24,64.0,1558742400.0,askcomputerscience
25,30.0,1558828800.0,askcomputerscience
26,46.0,1558915200.0,askcomputerscience
27,71.0,1559001600.0,askcomputerscience
28,90.0,1559088000.0,askcomputerscience
29,58.0,1559174400.0,askcomputerscience
30,31.0,1559260800.0,askcomputerscience
31,17.0,1559347200.0,askcomputerscience
32,37.0,1559433600.0,askcomputerscience
33,67.0,1559520000.0,askcomputerscience
34,41.0,1559606400.0,askcomputerscience
35,95.0,1559692800.0,askcomputerscience
36,64.0,1559779200.0,askcomputerscience
37,51.0,1559865600.0,askcomputerscience
38,31.0,1559952000.0,askcomputerscience
39,37.0,1560038400.0,askcomputerscience
40,55.0,1560124800.0,askcomputerscience
41,39.0,1560211200.0,askcomputerscience
42,68.0,1560297600.0,askcomputerscience
43,38.0,1560384000.0,askcomputerscience
44,55.0,1560470400.0,askcomputerscience
45,25.0,1560556800.0,askcomputerscience
46,31.0,1560643200.0,askcomputerscience
47,50.0,1560729600.0,askcomputerscience
48,42.0,1560816000.0,askcomputerscience
49,76.0,1560902400.0,askcomputerscience
50,46.0,1560988800.0,askcomputerscience
51,46.0,1561075200.0,askcomputerscience
52,29.0,1561161600.0,askcomputerscience
53,59.0,1561248000.0,askcomputerscience
54,47.0,1561334400.0,askcomputerscience
55,60.0,1561420800.0,askcomputerscience
56,23.0,1561507200.0,askcomputerscience
57,30.0,1561593600.0,askcomputerscience
58,43.0,1561680000.0,askcomputerscience
59,52.0,1561766400.0,askcomputerscience
60,37.0,1561852800.0,askcomputerscience
61,23.0,1561939200.0,askcomputerscience
62,77.0,1562025600.0,askcomputerscience
63,37.0,1562112000.0,askcomputerscience
64,40.0,1562198400.0,askcomputerscience
65,44.0,1562284800.0,askcomputerscience
66,113.0,1562371200.0,askcomputerscience
67,67.0,1562457600.0,askcomputerscience
68,96.0,1562544000.0,askcomputerscience
69,71.0,1562630400.0,askcomputerscience
70,60.0,1562716800.0,askcomputerscience
71,47.0,1562803200.0,askcomputerscience
72,106.0,1562889600.0,askcomputerscience
73,37.0,1562976000.0,askcomputerscience
74,30.0,1563062400.0,askcomputerscience
75,52.0,1563148800.0,askcomputerscience
76,64.0,1563235200.0,askcomputerscience
77,68.0,1563321600.0,askcomputerscience
78,19.0,1563408000.0,askcomputerscience
79,41.0,1563494400.0,askcomputerscience
80,38.0,1563580800.0,askcomputerscience
81,77.0,1563667200.0,askcomputerscience
82,54.0,1563753600.0,askcomputerscience
83,56.0,1563840000.0,askcomputerscience
84,35.0,1563926400.0,askcomputerscience
85,37.0,1564012800.0,askcomputerscience
86,55.0,1564099200.0,askcomputerscience
87,47.0,1564185600.0,askcomputerscience
88,33.0,1564272000.0,askcomputerscience
89,38.0,1564358400.0,askcomputerscience
90,102.0,1564444800.0,askcomputerscience
0,31.0,1556668800.0,askculinary
1,383.0,1556755200.0,askculinary
2,411.0,1556841600.0,askculinary
3,336.0,1556928000.0,askculinary
4,257.0,1557014400.0,askculinary
5,397.0,1557100800.0,askculinary
6,522.0,1557187200.0,askculinary
7,678.0,1557273600.0,askculinary
8,468.0,1557360000.0,askculinary
9,380.0,1557446400.0,askculinary
10,338.0,1557532800.0,askculinary
11,307.0,1557619200.0,askculinary
12,417.0,1557705600.0,askculinary
13,408.0,1557792000.0,askculinary
14,430.0,1557878400.0,askculinary
15,507.0,1557964800.0,askculinary
16,366.0,1558051200.0,askculinary
17,339.0,1558137600.0,askculinary
18,386.0,1558224000.0,askculinary
19,411.0,1558310400.0,askculinary
20,598.0,1558396800.0,askculinary
21,733.0,1558483200.0,askculinary
22,378.0,1558569600.0,askculinary
23,400.0,1558656000.0,askculinary
24,161.0,1558742400.0,askculinary
25,381.0,1558828800.0,askculinary
26,346.0,1558915200.0,askculinary
27,470.0,1559001600.0,askculinary
28,572.0,1559088000.0,askculinary
29,330.0,1559174400.0,askculinary
30,416.0,1559260800.0,askculinary
31,369.0,1559347200.0,askculinary
32,310.0,1559433600.0,askculinary
33,405.0,1559520000.0,askculinary
34,469.0,1559606400.0,askculinary
35,557.0,1559692800.0,askculinary
36,344.0,1559779200.0,askculinary
37,366.0,1559865600.0,askculinary
38,430.0,1559952000.0,askculinary
39,476.0,1560038400.0,askculinary
40,377.0,1560124800.0,askculinary
41,581.0,1560211200.0,askculinary
42,385.0,1560297600.0,askculinary
43,393.0,1560384000.0,askculinary
44,404.0,1560470400.0,askculinary
45,299.0,1560556800.0,askculinary
46,356.0,1560643200.0,askculinary
47,452.0,1560729600.0,askculinary
48,509.0,1560816000.0,askculinary
49,440.0,1560902400.0,askculinary
50,433.0,1560988800.0,askculinary
51,340.0,1561075200.0,askculinary
52,303.0,1561161600.0,askculinary
53,362.0,1561248000.0,askculinary
54,429.0,1561334400.0,askculinary
55,531.0,1561420800.0,askculinary
56,456.0,1561507200.0,askculinary
57,524.0,1561593600.0,askculinary
58,394.0,1561680000.0,askculinary
59,395.0,1561766400.0,askculinary
60,283.0,1561852800.0,askculinary
61,466.0,1561939200.0,askculinary
62,368.0,1562025600.0,askculinary
63,465.0,1562112000.0,askculinary
64,520.0,1562198400.0,askculinary
65,584.0,1562284800.0,askculinary
66,402.0,1562371200.0,askculinary
67,612.0,1562457600.0,askculinary
68,611.0,1562544000.0,askculinary
69,388.0,1562630400.0,askculinary
70,384.0,1562716800.0,askculinary
71,576.0,1562803200.0,askculinary
72,407.0,1562889600.0,askculinary
73,600.0,1562976000.0,askculinary
74,396.0,1563062400.0,askculinary
75,376.0,1563148800.0,askculinary
76,547.0,1563235200.0,askculinary
77,523.0,1563321600.0,askculinary
78,442.0,1563408000.0,askculinary
79,601.0,1563494400.0,askculinary
80,400.0,1563580800.0,askculinary
81,569.0,1563667200.0,askculinary
82,524.0,1563753600.0,askculinary
83,563.0,1563840000.0,askculinary
84,447.0,1563926400.0,askculinary
85,663.0,1564012800.0,askculinary
86,503.0,1564099200.0,askculinary
87,377.0,1564185600.0,askculinary
88,474.0,1564272000.0,askculinary
89,484.0,1564358400.0,askculinary
90,380.0,1564444800.0,askculinary
0,5.0,1556668800.0,trueaskreddit
1,54.0,1556755200.0,trueaskreddit
2,61.0,1556841600.0,trueaskreddit
3,40.0,1556928000.0,trueaskreddit
4,84.0,1557014400.0,trueaskreddit
5,125.0,1557100800.0,trueaskreddit
6,97.0,1557187200.0,trueaskreddit
7,162.0,1557273600.0,trueaskreddit
8,154.0,1557360000.0,trueaskreddit
9,72.0,1557446400.0,trueaskreddit
10,219.0,1557532800.0,trueaskreddit
11,227.0,1557619200.0,trueaskreddit
12,293.0,1557705600.0,trueaskreddit
13,184.0,1557792000.0,trueaskreddit
14,83.0,1557878400.0,trueaskreddit
15,138.0,1557964800.0,trueaskreddit
16,76.0,1558051200.0,trueaskreddit
17,49.0,1558137600.0,trueaskreddit
18,170.0,1558224000.0,trueaskreddit
19,117.0,1558310400.0,trueaskreddit
20,135.0,1558396800.0,trueaskreddit
21,393.0,1558483200.0,trueaskreddit
22,374.0,1558569600.0,trueaskreddit
23,55.0,1558656000.0,trueaskreddit
24,72.0,1558742400.0,trueaskreddit
25,210.0,1558828800.0,trueaskreddit
26,93.0,1558915200.0,trueaskreddit
27,105.0,1559001600.0,trueaskreddit
28,294.0,1559088000.0,trueaskreddit
29,126.0,1559174400.0,trueaskreddit
30,98.0,1559260800.0,trueaskreddit
31,75.0,1559347200.0,trueaskreddit
32,101.0,1559433600.0,trueaskreddit
33,200.0,1559520000.0,trueaskreddit
34,103.0,1559606400.0,trueaskreddit
35,178.0,1559692800.0,trueaskreddit
36,252.0,1559779200.0,trueaskreddit
37,97.0,1559865600.0,trueaskreddit
38,132.0,1559952000.0,trueaskreddit
39,57.0,1560038400.0,trueaskreddit
40,90.0,1560124800.0,trueaskreddit
41,89.0,1560211200.0,trueaskreddit
42,119.0,1560297600.0,trueaskreddit
43,159.0,1560384000.0,trueaskreddit
44,116.0,1560470400.0,trueaskreddit
45,111.0,1560556800.0,trueaskreddit
46,194.0,1560643200.0,trueaskreddit
47,66.0,1560729600.0,trueaskreddit
48,229.0,1560816000.0,trueaskreddit
49,248.0,1560902400.0,trueaskreddit
50,135.0,1560988800.0,trueaskreddit
51,106.0,1561075200.0,trueaskreddit
52,88.0,1561161600.0,trueaskreddit
53,156.0,1561248000.0,trueaskreddit
54,213.0,1561334400.0,trueaskreddit
55,224.0,1561420800.0,trueaskreddit
56,271.0,1561507200.0,trueaskreddit
57,65.0,1561593600.0,trueaskreddit
58,155.0,1561680000.0,trueaskreddit
59,65.0,1561766400.0,trueaskreddit
60,54.0,1561852800.0,trueaskreddit
61,147.0,1561939200.0,trueaskreddit
62,278.0,1562025600.0,trueaskreddit
63,129.0,1562112000.0,trueaskreddit
64,79.0,1562198400.0,trueaskreddit
65,146.0,1562284800.0,trueaskreddit
66,61.0,1562371200.0,trueaskreddit
67,22.0,1562457600.0,trueaskreddit
68,107.0,1562544000.0,trueaskreddit
69,126.0,1562630400.0,trueaskreddit
70,182.0,1562716800.0,trueaskreddit
71,31.0,1562803200.0,trueaskreddit
72,66.0,1562889600.0,trueaskreddit
73,108.0,1562976000.0,trueaskreddit
74,78.0,1563062400.0,trueaskreddit
75,94.0,1563148800.0,trueaskreddit
76,153.0,1563235200.0,trueaskreddit
77,138.0,1563321600.0,trueaskreddit
78,116.0,1563408000.0,trueaskreddit
79,68.0,1563494400.0,trueaskreddit
80,98.0,1563580800.0,trueaskreddit
81,249.0,1563667200.0,trueaskreddit
82,309.0,1563753600.0,trueaskreddit
83,78.0,1563840000.0,trueaskreddit
84,61.0,1563926400.0,trueaskreddit
85,60.0,1564012800.0,trueaskreddit
86,143.0,1564099200.0,trueaskreddit
87,86.0,1564185600.0,trueaskreddit
88,75.0,1564272000.0,trueaskreddit
89,97.0,1564358400.0,trueaskreddit
90,51.0,1564444800.0,trueaskreddit
0,49.0,1556755200.0,asksocialscience
1,14.0,1556841600.0,asksocialscience
2,17.0,1556928000.0,asksocialscience
3,36.0,1557014400.0,asksocialscience
4,57.0,1557100800.0,asksocialscience
5,57.0,1557187200.0,asksocialscience
6,31.0,1557273600.0,asksocialscience
7,55.0,1557360000.0,asksocialscience
8,83.0,1557446400.0,asksocialscience
9,29.0,1557532800.0,asksocialscience
10,73.0,1557619200.0,asksocialscience
11,24.0,1557705600.0,asksocialscience
12,52.0,1557792000.0,asksocialscience
13,39.0,1557878400.0,asksocialscience
14,66.0,1557964800.0,asksocialscience
15,42.0,1558051200.0,asksocialscience
16,53.0,1558137600.0,asksocialscience
17,43.0,1558224000.0,asksocialscience
18,11.0,1558310400.0,asksocialscience
19,38.0,1558396800.0,asksocialscience
20,43.0,1558483200.0,asksocialscience
21,65.0,1558569600.0,asksocialscience
22,43.0,1558656000.0,asksocialscience
23,52.0,1558742400.0,asksocialscience
24,48.0,1558828800.0,asksocialscience
25,14.0,1558915200.0,asksocialscience
26,50.0,1559001600.0,asksocialscience
27,50.0,1559088000.0,asksocialscience
28,93.0,1559174400.0,asksocialscience
29,60.0,1559260800.0,asksocialscience
30,31.0,1559347200.0,asksocialscience
31,59.0,1559433600.0,asksocialscience
32,13.0,1559520000.0,asksocialscience
33,30.0,1559606400.0,asksocialscience
34,61.0,1559692800.0,asksocialscience
35,54.0,1559779200.0,asksocialscience
36,48.0,1559865600.0,asksocialscience
37,27.0,1559952000.0,asksocialscience
38,47.0,1560038400.0,asksocialscience
39,27.0,1560124800.0,asksocialscience
40,34.0,1560211200.0,asksocialscience
41,28.0,1560297600.0,asksocialscience
42,33.0,1560384000.0,asksocialscience
43,43.0,1560470400.0,asksocialscience
44,32.0,1560556800.0,asksocialscience
45,42.0,1560643200.0,asksocialscience
46,28.0,1560729600.0,asksocialscience
47,12.0,1560816000.0,asksocialscience
48,13.0,1560902400.0,asksocialscience
49,36.0,1560988800.0,asksocialscience
50,52.0,1561075200.0,asksocialscience
51,36.0,1561161600.0,asksocialscience
52,81.0,1561248000.0,asksocialscience
53,42.0,1561334400.0,asksocialscience
54,39.0,1561420800.0,asksocialscience
55,14.0,1561507200.0,asksocialscience
56,28.0,1561593600.0,asksocialscience
57,18.0,1561680000.0,asksocialscience
58,52.0,1561766400.0,asksocialscience
59,42.0,1561852800.0,asksocialscience
60,26.0,1561939200.0,asksocialscience
61,41.0,1562025600.0,asksocialscience
62,12.0,1562112000.0,asksocialscience
63,16.0,1562198400.0,asksocialscience
64,34.0,1562284800.0,asksocialscience
65,47.0,1562371200.0,asksocialscience
66,22.0,1562457600.0,asksocialscience
67,59.0,1562544000.0,asksocialscience
68,35.0,1562630400.0,asksocialscience
69,41.0,1562716800.0,asksocialscience
70,33.0,1562803200.0,asksocialscience
71,26.0,1562889600.0,asksocialscience
72,27.0,1562976000.0,asksocialscience
73,25.0,1563062400.0,asksocialscience
74,29.0,1563148800.0,asksocialscience
75,35.0,1563235200.0,asksocialscience
76,28.0,1563321600.0,asksocialscience
77,25.0,1563408000.0,asksocialscience
78,38.0,1563494400.0,asksocialscience
79,29.0,1563580800.0,asksocialscience
80,12.0,1563667200.0,asksocialscience
81,24.0,1563753600.0,asksocialscience
82,18.0,1563840000.0,asksocialscience
83,25.0,1563926400.0,asksocialscience
84,37.0,1564012800.0,asksocialscience
85,38.0,1564099200.0,asksocialscience
86,15.0,1564185600.0,asksocialscience
87,13.0,1564272000.0,asksocialscience
88,50.0,1564358400.0,asksocialscience
89,46.0,1564444800.0,asksocialscience
0,36.0,1556668800.0,askengineers
1,541.0,1556755200.0,askengineers
2,477.0,1556841600.0,askengineers
3,294.0,1556928000.0,askengineers
4,291.0,1557014400.0,askengineers
5,472.0,1557100800.0,askengineers
6,465.0,1557187200.0,askengineers
7,460.0,1557273600.0,askengineers
8,506.0,1557360000.0,askengineers
9,477.0,1557446400.0,askengineers
10,381.0,1557532800.0,askengineers
11,313.0,1557619200.0,askengineers
12,387.0,1557705600.0,askengineers
13,354.0,1557792000.0,askengineers
14,488.0,1557878400.0,askengineers
15,419.0,1557964800.0,askengineers
16,665.0,1558051200.0,askengineers
17,405.0,1558137600.0,askengineers
18,290.0,1558224000.0,askengineers
19,338.0,1558310400.0,askengineers
20,434.0,1558396800.0,askengineers
21,449.0,1558483200.0,askengineers
22,566.0,1558569600.0,askengineers
23,465.0,1558656000.0,askengineers
24,423.0,1558742400.0,askengineers
25,679.0,1558828800.0,askengineers
26,565.0,1558915200.0,askengineers
27,550.0,1559001600.0,askengineers
28,583.0,1559088000.0,askengineers
29,506.0,1559174400.0,askengineers
30,379.0,1559260800.0,askengineers
31,544.0,1559347200.0,askengineers
32,390.0,1559433600.0,askengineers
33,337.0,1559520000.0,askengineers
34,503.0,1559606400.0,askengineers
35,567.0,1559692800.0,askengineers
36,470.0,1559779200.0,askengineers
37,494.0,1559865600.0,askengineers
38,431.0,1559952000.0,askengineers
39,455.0,1560038400.0,askengineers
40,491.0,1560124800.0,askengineers
41,468.0,1560211200.0,askengineers
42,651.0,1560297600.0,askengineers
43,461.0,1560384000.0,askengineers
44,776.0,1560470400.0,askengineers
45,334.0,1560556800.0,askengineers
46,407.0,1560643200.0,askengineers
47,409.0,1560729600.0,askengineers
48,420.0,1560816000.0,askengineers
49,671.0,1560902400.0,askengineers
50,661.0,1560988800.0,askengineers
51,562.0,1561075200.0,askengineers
52,412.0,1561161600.0,askengineers
53,458.0,1561248000.0,askengineers
54,438.0,1561334400.0,askengineers
55,606.0,1561420800.0,askengineers
56,601.0,1561507200.0,askengineers
57,756.0,1561593600.0,askengineers
58,689.0,1561680000.0,askengineers
59,307.0,1561766400.0,askengineers
60,393.0,1561852800.0,askengineers
61,716.0,1561939200.0,askengineers
62,621.0,1562025600.0,askengineers
63,468.0,1562112000.0,askengineers
64,374.0,1562198400.0,askengineers
65,372.0,1562284800.0,askengineers
66,424.0,1562371200.0,askengineers
67,597.0,1562457600.0,askengineers
68,648.0,1562544000.0,askengineers
69,572.0,1562630400.0,askengineers
70,678.0,1562716800.0,askengineers
71,641.0,1562803200.0,askengineers
72,511.0,1562889600.0,askengineers
73,332.0,1562976000.0,askengineers
74,619.0,1563062400.0,askengineers
75,507.0,1563148800.0,askengineers
76,503.0,1563235200.0,askengineers
77,618.0,1563321600.0,askengineers
78,521.0,1563408000.0,askengineers
79,588.0,1563494400.0,askengineers
80,278.0,1563580800.0,askengineers
81,348.0,1563667200.0,askengineers
82,396.0,1563753600.0,askengineers
83,567.0,1563840000.0,askengineers
84,331.0,1563926400.0,askengineers
85,378.0,1564012800.0,askengineers
86,416.0,1564099200.0,askengineers
87,464.0,1564185600.0,askengineers
88,386.0,1564272000.0,askengineers
89,463.0,1564358400.0,askengineers
90,526.0,1564444800.0,askengineers
0,48.0,1556668800.0,askphilosophy
1,429.0,1556755200.0,askphilosophy
2,346.0,1556841600.0,askphilosophy
3,296.0,1556928000.0,askphilosophy
4,380.0,1557014400.0,askphilosophy
5,429.0,1557100800.0,askphilosophy
6,262.0,1557187200.0,askphilosophy
7,302.0,1557273600.0,askphilosophy
8,334.0,1557360000.0,askphilosophy
9,301.0,1557446400.0,askphilosophy
10,309.0,1557532800.0,askphilosophy
11,258.0,1557619200.0,askphilosophy
12,389.0,1557705600.0,askphilosophy
13,326.0,1557792000.0,askphilosophy
14,283.0,1557878400.0,askphilosophy
15,256.0,1557964800.0,askphilosophy
16,338.0,1558051200.0,askphilosophy
17,382.0,1558137600.0,askphilosophy
18,296.0,1558224000.0,askphilosophy
19,290.0,1558310400.0,askphilosophy
20,280.0,1558396800.0,askphilosophy
21,256.0,1558483200.0,askphilosophy
22,360.0,1558569600.0,askphilosophy
23,363.0,1558656000.0,askphilosophy
24,245.0,1558742400.0,askphilosophy
25,186.0,1558828800.0,askphilosophy
26,225.0,1558915200.0,askphilosophy
27,405.0,1559001600.0,askphilosophy
28,306.0,1559088000.0,askphilosophy
29,302.0,1559174400.0,askphilosophy
30,304.0,1559260800.0,askphilosophy
31,262.0,1559347200.0,askphilosophy
32,332.0,1559433600.0,askphilosophy
33,423.0,1559520000.0,askphilosophy
34,279.0,1559606400.0,askphilosophy
35,376.0,1559692800.0,askphilosophy
36,377.0,1559779200.0,askphilosophy
37,463.0,1559865600.0,askphilosophy
38,351.0,1559952000.0,askphilosophy
39,269.0,1560038400.0,askphilosophy
40,343.0,1560124800.0,askphilosophy
41,241.0,1560211200.0,askphilosophy
42,260.0,1560297600.0,askphilosophy
43,261.0,1560384000.0,askphilosophy
44,249.0,1560470400.0,askphilosophy
45,272.0,1560556800.0,askphilosophy
46,198.0,1560643200.0,askphilosophy
47,257.0,1560729600.0,askphilosophy
48,162.0,1560816000.0,askphilosophy
49,237.0,1560902400.0,askphilosophy
50,341.0,1560988800.0,askphilosophy
51,311.0,1561075200.0,askphilosophy
52,310.0,1561161600.0,askphilosophy
53,242.0,1561248000.0,askphilosophy
54,328.0,1561334400.0,askphilosophy
55,239.0,1561420800.0,askphilosophy
56,327.0,1561507200.0,askphilosophy
57,275.0,1561593600.0,askphilosophy
58,249.0,1561680000.0,askphilosophy
59,227.0,1561766400.0,askphilosophy
60,246.0,1561852800.0,askphilosophy
61,334.0,1561939200.0,askphilosophy
62,372.0,1562025600.0,askphilosophy
63,328.0,1562112000.0,askphilosophy
64,227.0,1562198400.0,askphilosophy
65,272.0,1562284800.0,askphilosophy
66,328.0,1562371200.0,askphilosophy
67,264.0,1562457600.0,askphilosophy
68,282.0,1562544000.0,askphilosophy
69,225.0,1562630400.0,askphilosophy
70,369.0,1562716800.0,askphilosophy
71,261.0,1562803200.0,askphilosophy
72,311.0,1562889600.0,askphilosophy
73,362.0,1562976000.0,askphilosophy
74,265.0,1563062400.0,askphilosophy
75,336.0,1563148800.0,askphilosophy
76,285.0,1563235200.0,askphilosophy
77,429.0,1563321600.0,askphilosophy
78,377.0,1563408000.0,askphilosophy
79,267.0,1563494400.0,askphilosophy
80,307.0,1563580800.0,askphilosophy
81,352.0,1563667200.0,askphilosophy
82,312.0,1563753600.0,askphilosophy
83,330.0,1563840000.0,askphilosophy
84,312.0,1563926400.0,askphilosophy
85,293.0,1564012800.0,askphilosophy
86,210.0,1564099200.0,askphilosophy
87,248.0,1564185600.0,askphilosophy
88,309.0,1564272000.0,askphilosophy
89,443.0,1564358400.0,askphilosophy
90,415.0,1564444800.0,askphilosophy
