,date,comments_per_post,comments_count,subreddit
0,2019-05-01,7.428118393234673,14054.0,askreddit
1,2019-05-02,16.355124233419737,258689.0,askreddit
2,2019-05-03,16.220280663878018,240417.0,askreddit
3,2019-05-04,15.193040005704914,213052.0,askreddit
4,2019-05-05,15.758919202518365,240292.0,askreddit
5,2019-05-06,14.419998724571135,226120.0,askreddit
6,2019-05-07,15.465376454703273,240533.0,askreddit
7,2019-05-08,15.720074030008593,237829.0,askreddit
8,2019-05-09,16.645326942827793,243105.0,askreddit
9,2019-05-10,14.668075050128904,204825.0,askreddit
10,2019-05-11,14.757192174913694,192360.0,askreddit
11,2019-05-12,13.301136363636365,191962.0,askreddit
12,2019-05-13,15.047281152704365,207818.0,askreddit
13,2019-05-14,15.227382226980726,227558.0,askreddit
14,2019-05-15,15.308811854988091,231408.0,askreddit
15,2019-05-16,14.220491473076407,211800.0,askreddit
16,2019-05-17,15.775595976298744,228967.0,askreddit
17,2019-05-18,18.295398448519038,207543.0,askreddit
18,2019-05-19,15.643079492825146,206035.0,askreddit
19,2019-05-20,14.006135922330095,180329.0,askreddit
20,2019-05-21,14.639842266686141,200478.0,askreddit
21,2019-05-22,14.70629865534324,207800.0,askreddit
22,2019-05-23,14.941436632606376,195942.0,askreddit
23,2019-05-24,15.843211792086887,204219.0,askreddit
24,2019-05-25,14.489814814814816,172139.0,askreddit
25,2019-05-26,14.393172888015716,175827.0,askreddit
26,2019-05-27,16.212789496975955,219813.0,askreddit
27,2019-05-28,19.360996421690064,281354.0,askreddit
28,2019-05-29,18.84136075075904,273049.0,askreddit
29,2019-05-30,17.06469611424776,256909.0,askreddit
30,2019-05-31,20.465284903208154,299182.0,askreddit
31,2019-06-01,15.583458083832335,208195.0,askreddit
32,2019-06-02,16.060473815461346,231849.0,askreddit
33,2019-06-03,16.250465301781446,244472.0,askreddit
34,2019-06-04,18.32337835267263,288978.0,askreddit
35,2019-06-05,16.5679769894535,259206.0,askreddit
36,2019-06-06,17.339760683760687,253594.0,askreddit
37,2019-06-07,15.660613190206602,213000.0,askreddit
38,2019-06-08,17.149311766078235,220523.0,askreddit
39,2019-06-09,17.255529729324437,230137.0,askreddit
40,2019-06-10,16.341022129315938,226699.0,askreddit
41,2019-06-11,18.908581560283693,266611.0,askreddit
42,2019-06-12,16.437524379144453,252842.0,askreddit
43,2019-06-13,17.377767214450632,255905.0,askreddit
44,2019-06-14,16.927903780068732,246301.0,askreddit
45,2019-06-15,16.558411734202533,223522.0,askreddit
46,2019-06-16,14.139066174000671,210460.0,askreddit
47,2019-06-17,16.57595828635851,235246.0,askreddit
48,2019-06-18,18.84336515843365,272362.0,askreddit
49,2019-06-19,17.48752511178796,269850.0,askreddit
50,2019-06-20,17.111053078279035,262090.0,askreddit
51,2019-06-21,17.916108786610874,256917.0,askreddit
52,2019-06-22,17.015783540022547,226395.0,askreddit
53,2019-06-23,16.334768418859802,235237.0,askreddit
54,2019-06-24,15.886000127445357,249299.0,askreddit
55,2019-06-25,15.628986677432378,232278.0,askreddit
56,2019-06-26,18.282613065326636,272868.0,askreddit
57,2019-06-27,17.874833377765924,268194.0,askreddit
58,2019-06-28,17.7514780552271,255213.0,askreddit
59,2019-06-29,16.79939024390244,220408.0,askreddit
60,2019-06-30,15.392571123484096,201812.0,askreddit
61,2019-07-01,15.703357938920247,216989.0,askreddit
62,2019-07-02,18.26003616636528,252445.0,askreddit
63,2019-07-03,17.0106769650159,224643.0,askreddit
64,2019-07-04,17.47186625423479,237233.0,askreddit
65,2019-07-05,16.97624339029811,221523.0,askreddit
66,2019-07-06,18.24848988221081,241683.0,askreddit
67,2019-07-07,15.373968350117364,203044.0,askreddit
68,2019-07-08,16.238831492696832,227912.0,askreddit
69,2019-07-09,20.510359941559305,308845.0,askreddit
70,2019-07-10,18.175885684182802,276019.0,askreddit
71,2019-07-11,18.08007375214013,274564.0,askreddit
72,2019-07-12,17.85031806615776,280607.0,askreddit
73,2019-07-13,18.795990798554055,285981.0,askreddit
74,2019-07-14,17.771962125197266,270276.0,askreddit
75,2019-07-15,16.493483055945457,246759.0,askreddit
76,2019-07-16,19.84605286711617,332600.0,askreddit
77,2019-07-17,17.13076118392714,278392.0,askreddit
78,2019-07-18,18.696595562618423,305895.0,askreddit
79,2019-07-19,17.656381668503272,272385.0,askreddit
80,2019-07-20,17.6304140561155,258885.0,askreddit
81,2019-07-21,14.325644689392393,210544.0,askreddit
82,2019-07-22,17.045340818941845,279322.0,askreddit
83,2019-07-23,16.997384533079714,285947.0,askreddit
84,2019-07-24,17.470349260247392,288121.0,askreddit
85,2019-07-25,14.363895486935869,241888.0,askreddit
86,2019-07-26,16.05427323767935,283085.0,askreddit
87,2019-07-27,14.583080158915633,249604.0,askreddit
88,2019-07-28,15.78808146541335,262019.0,askreddit
89,2019-07-29,15.087386895002124,248444.0,askreddit
90,2019-07-30,15.267729726375876,246070.0,askreddit
91,2019-05-01,4.228571428571429,148.0,askscience
92,2019-05-02,3.3566739606126914,1534.0,askscience
93,2019-05-03,2.2657657657657664,1006.0,askscience
94,2019-05-04,3.220108695652174,1185.0,askscience
95,2019-05-05,1.917910447761194,771.0,askscience
96,2019-05-06,2.637837837837838,976.0,askscience
97,2019-05-07,2.745,1098.0,askscience
98,2019-05-08,3.185106382978724,1497.0,askscience
99,2019-05-09,3.1043256997455466,1220.0,askscience
100,2019-05-10,3.4613259668508287,1253.0,askscience
101,2019-05-11,2.8911392405063285,1142.0,askscience
102,2019-05-12,2.293670886075949,906.0,askscience
103,2019-05-13,2.420765027322404,886.0,askscience
104,2019-05-14,3.1331658291457285,1247.0,askscience
105,2019-05-15,3.05420054200542,1127.0,askscience
106,2019-05-16,3.498666666666667,1312.0,askscience
107,2019-05-17,2.8596059113300494,1161.0,askscience
108,2019-05-18,2.6515151515151514,875.0,askscience
109,2019-05-19,2.54957507082153,900.0,askscience
110,2019-05-20,2.165644171779141,706.0,askscience
111,2019-05-21,1.9734513274336285,669.0,askscience
112,2019-05-22,3.3078947368421048,1257.0,askscience
113,2019-05-23,3.791549295774648,1346.0,askscience
114,2019-05-24,2.6595744680851063,875.0,askscience
115,2019-05-25,3.3541666666666665,966.0,askscience
116,2019-05-26,2.7810650887573964,940.0,askscience
117,2019-05-27,4.478787878787879,1478.0,askscience
118,2019-05-28,2.480113636363636,873.0,askscience
119,2019-05-29,2.550135501355013,941.0,askscience
120,2019-05-30,3.222873900293255,1099.0,askscience
121,2019-05-31,3.2021276595744683,1204.0,askscience
122,2019-06-01,3.6353591160220993,1316.0,askscience
123,2019-06-02,3.064066852367688,1100.0,askscience
124,2019-06-03,2.91044776119403,1170.0,askscience
125,2019-06-04,2.529051987767584,827.0,askscience
126,2019-06-05,2.8981233243967828,1081.0,askscience
127,2019-06-06,3.0828571428571427,1079.0,askscience
128,2019-06-07,2.6169590643274856,895.0,askscience
129,2019-06-08,6.932515337423313,2260.0,askscience
130,2019-06-09,3.020289855072464,1042.0,askscience
131,2019-06-10,1.5357142857142858,473.0,askscience
132,2019-06-11,5.718023255813954,1967.0,askscience
133,2019-06-12,3.152112676056338,1119.0,askscience
134,2019-06-13,4.090651558073653,1444.0,askscience
135,2019-06-14,2.131578947368421,648.0,askscience
136,2019-06-15,3.689655172413793,1284.0,askscience
137,2019-06-16,2.712230215827338,1131.0,askscience
138,2019-06-17,3.878947368421053,1474.0,askscience
139,2019-06-18,3.0997506234413965,1243.0,askscience
140,2019-06-19,3.9198813056379818,1321.0,askscience
141,2019-06-20,4.997050147492625,1694.0,askscience
142,2019-06-21,5.930029154518951,2034.0,askscience
143,2019-06-22,2.326860841423948,719.0,askscience
144,2019-06-23,2.73371104815864,965.0,askscience
145,2019-06-24,3.3323782234957013,1163.0,askscience
146,2019-06-25,2.4130434782608696,888.0,askscience
147,2019-06-26,5.7467362924281975,2201.0,askscience
148,2019-06-27,3.091397849462365,1150.0,askscience
149,2019-06-28,4.424698795180722,1469.0,askscience
150,2019-06-29,3.3107692307692314,1076.0,askscience
151,2019-06-30,4.159638554216866,1381.0,askscience
152,2019-07-01,3.347560975609756,1098.0,askscience
153,2019-07-02,3.2537313432835817,1090.0,askscience
154,2019-07-03,4.1432926829268295,1359.0,askscience
155,2019-07-04,3.684385382059801,1109.0,askscience
156,2019-07-05,4.2125,1348.0,askscience
157,2019-07-06,3.585889570552147,1169.0,askscience
158,2019-07-07,3.0532544378698225,1032.0,askscience
159,2019-07-08,4.639097744360902,1851.0,askscience
160,2019-07-09,2.8365384615384617,1180.0,askscience
161,2019-07-10,2.3810679611650487,981.0,askscience
162,2019-07-11,3.5831062670299727,1315.0,askscience
163,2019-07-12,2.266871165644172,739.0,askscience
164,2019-07-13,2.458333333333333,767.0,askscience
165,2019-07-14,3.56656346749226,1152.0,askscience
166,2019-07-15,2.8948787061994614,1074.0,askscience
167,2019-07-16,2.208219178082192,806.0,askscience
168,2019-07-17,4.304843304843305,1511.0,askscience
169,2019-07-18,2.75,1034.0,askscience
170,2019-07-19,4.444736842105264,1689.0,askscience
171,2019-07-20,3.0991253644314867,1063.0,askscience
172,2019-07-21,3.0849858356940514,1089.0,askscience
173,2019-07-22,1.7994350282485876,637.0,askscience
174,2019-07-23,2.4424083769633507,933.0,askscience
175,2019-07-24,4.329815303430078,1641.0,askscience
176,2019-07-25,3.0530973451327434,1035.0,askscience
177,2019-07-26,3.3373860182370816,1098.0,askscience
178,2019-07-27,2.333333333333333,728.0,askscience
179,2019-07-28,2.0035211267605635,569.0,askscience
180,2019-07-29,3.3777089783281733,1091.0,askscience
181,2019-07-30,3.2587412587412588,932.0,askscience
182,2019-05-01,1.3333333333333333,24.0,askhistorians
183,2019-05-02,2.9277108433734935,486.0,askhistorians
184,2019-05-03,2.3846153846153846,403.0,askhistorians
185,2019-05-04,3.3378378378378377,494.0,askhistorians
186,2019-05-05,3.2335329341317367,540.0,askhistorians
187,2019-05-06,2.505952380952381,421.0,askhistorians
188,2019-05-07,2.338709677419355,435.0,askhistorians
189,2019-05-08,3.2282608695652173,594.0,askhistorians
190,2019-05-09,2.471590909090909,435.0,askhistorians
191,2019-05-10,2.4367088607594938,385.0,askhistorians
192,2019-05-11,2.4421768707482987,359.0,askhistorians
193,2019-05-12,4.046783625730995,692.0,askhistorians
194,2019-05-13,3.836363636363637,633.0,askhistorians
195,2019-05-14,2.7096774193548385,420.0,askhistorians
196,2019-05-15,2.791411042944785,455.0,askhistorians
197,2019-05-16,2.3230769230769237,453.0,askhistorians
198,2019-05-17,3.0769230769230766,440.0,askhistorians
199,2019-05-18,4.137931034482759,600.0,askhistorians
200,2019-05-19,3.026666666666667,454.0,askhistorians
201,2019-05-20,2.6111111111111107,423.0,askhistorians
202,2019-05-21,3.4335664335664338,491.0,askhistorians
203,2019-05-22,2.2804878048780486,374.0,askhistorians
204,2019-05-23,3.245614035087719,555.0,askhistorians
205,2019-05-24,3.725490196078432,570.0,askhistorians
206,2019-05-25,2.8482758620689657,413.0,askhistorians
207,2019-05-26,2.732876712328767,399.0,askhistorians
208,2019-05-27,3.21264367816092,559.0,askhistorians
209,2019-05-28,2.8934911242603554,489.0,askhistorians
210,2019-05-29,3.852941176470588,655.0,askhistorians
211,2019-05-30,2.9047619047619047,549.0,askhistorians
212,2019-05-31,3.0445859872611467,478.0,askhistorians
213,2019-06-01,5.639751552795032,908.0,askhistorians
214,2019-06-02,3.883116883116883,598.0,askhistorians
215,2019-06-03,3.110497237569061,563.0,askhistorians
216,2019-06-04,3.0596026490066226,462.0,askhistorians
217,2019-06-05,3.2549019607843137,498.0,askhistorians
218,2019-06-06,3.1822916666666665,611.0,askhistorians
219,2019-06-07,3.4424242424242424,568.0,askhistorians
220,2019-06-08,3.7012195121951224,607.0,askhistorians
221,2019-06-09,3.4424242424242424,568.0,askhistorians
222,2019-06-10,3.2701149425287355,569.0,askhistorians
223,2019-06-11,4.545454545454546,750.0,askhistorians
224,2019-06-12,4.291970802919708,588.0,askhistorians
225,2019-06-13,3.632530120481928,603.0,askhistorians
226,2019-06-14,3.978260869565217,549.0,askhistorians
227,2019-06-15,3.3862068965517236,491.0,askhistorians
228,2019-06-16,4.25,714.0,askhistorians
229,2019-06-17,3.4655172413793105,603.0,askhistorians
230,2019-06-18,3.398550724637681,469.0,askhistorians
231,2019-06-19,3.7853403141361257,723.0,askhistorians
232,2019-06-20,4.048648648648649,749.0,askhistorians
233,2019-06-21,3.0742857142857143,538.0,askhistorians
234,2019-06-22,3.437086092715232,519.0,askhistorians
235,2019-06-23,3.8375,614.0,askhistorians
236,2019-06-24,3.8779069767441863,667.0,askhistorians
237,2019-06-25,3.2553191489361697,459.0,askhistorians
238,2019-06-26,3.3286713286713288,476.0,askhistorians
239,2019-06-27,3.9259259259259265,636.0,askhistorians
240,2019-06-28,3.4736842105263164,462.0,askhistorians
241,2019-06-29,3.1171875,399.0,askhistorians
242,2019-06-30,3.5192307692307687,549.0,askhistorians
243,2019-07-01,3.5819209039548023,634.0,askhistorians
244,2019-07-02,4.044303797468355,639.0,askhistorians
245,2019-07-03,3.8757062146892656,686.0,askhistorians
246,2019-07-04,4.222222222222221,608.0,askhistorians
247,2019-07-05,4.119205298013245,622.0,askhistorians
248,2019-07-06,3.4887218045112784,464.0,askhistorians
249,2019-07-07,4.947368421052632,1222.0,askhistorians
250,2019-07-08,5.308457711442786,1067.0,askhistorians
251,2019-07-09,4.368983957219252,817.0,askhistorians
252,2019-07-10,4.143646408839779,750.0,askhistorians
253,2019-07-11,4.12041884816754,787.0,askhistorians
254,2019-07-12,5.278145695364239,797.0,askhistorians
255,2019-07-13,3.870967741935484,600.0,askhistorians
256,2019-07-14,3.8789808917197455,609.0,askhistorians
257,2019-07-15,3.982352941176471,677.0,askhistorians
258,2019-07-16,3.867088607594937,611.0,askhistorians
259,2019-07-17,3.4748603351955314,622.0,askhistorians
260,2019-07-18,3.8181818181818175,714.0,askhistorians
261,2019-07-19,3.688622754491018,616.0,askhistorians
262,2019-07-20,3.79054054054054,561.0,askhistorians
263,2019-07-21,4.6480446927374315,832.0,askhistorians
264,2019-07-22,3.5684210526315785,678.0,askhistorians
265,2019-07-23,4.508982035928144,753.0,askhistorians
266,2019-07-24,3.676646706586826,614.0,askhistorians
267,2019-07-25,3.7938144329896906,736.0,askhistorians
268,2019-07-26,3.764044943820225,670.0,askhistorians
269,2019-07-27,3.5849056603773586,570.0,askhistorians
270,2019-07-28,4.235294117647058,648.0,askhistorians
271,2019-07-29,4.451612903225806,690.0,askhistorians
272,2019-07-30,4.091503267973857,626.0,askhistorians
273,2019-05-01,5.0,5.0,askcomputerscience
274,2019-05-02,11.857142857142858,83.0,askcomputerscience
275,2019-05-03,3.4117647058823533,58.0,askcomputerscience
276,2019-05-04,3.1538461538461537,41.0,askcomputerscience
277,2019-05-05,1.9090909090909087,21.0,askcomputerscience
278,2019-05-06,3.8333333333333335,46.0,askcomputerscience
279,2019-05-07,8.153846153846152,106.0,askcomputerscience
280,2019-05-08,6.142857142857142,86.0,askcomputerscience
281,2019-05-09,7.2666666666666675,109.0,askcomputerscience
282,2019-05-10,10.416666666666666,125.0,askcomputerscience
283,2019-05-11,8.142857142857142,57.0,askcomputerscience
284,2019-05-12,9.0,63.0,askcomputerscience
285,2019-05-13,5.909090909090909,65.0,askcomputerscience
286,2019-05-14,9.111111111111109,82.0,askcomputerscience
287,2019-05-15,3.7222222222222223,67.0,askcomputerscience
288,2019-05-16,6.384615384615384,83.0,askcomputerscience
289,2019-05-17,4.071428571428571,57.0,askcomputerscience
290,2019-05-18,7.833333333333332,47.0,askcomputerscience
291,2019-05-19,4.307692307692308,56.0,askcomputerscience
292,2019-05-20,3.6666666666666665,55.0,askcomputerscience
293,2019-05-21,2.6,26.0,askcomputerscience
294,2019-05-22,14.0,98.0,askcomputerscience
295,2019-05-23,6.111111111111112,55.0,askcomputerscience
296,2019-05-24,6.416666666666668,77.0,askcomputerscience
297,2019-05-25,6.4,64.0,askcomputerscience
298,2019-05-26,2.5,30.0,askcomputerscience
299,2019-05-27,3.8333333333333335,46.0,askcomputerscience
300,2019-05-28,7.888888888888888,71.0,askcomputerscience
301,2019-05-29,6.0,90.0,askcomputerscience
302,2019-05-30,3.4117647058823533,58.0,askcomputerscience
303,2019-05-31,3.4444444444444446,31.0,askcomputerscience
304,2019-06-01,1.8888888888888888,17.0,askcomputerscience
305,2019-06-02,3.363636363636364,37.0,askcomputerscience
306,2019-06-03,4.785714285714286,67.0,askcomputerscience
307,2019-06-04,2.5625,41.0,askcomputerscience
308,2019-06-05,5.277777777777779,95.0,askcomputerscience
309,2019-06-06,10.666666666666666,64.0,askcomputerscience
310,2019-06-07,3.6428571428571432,51.0,askcomputerscience
311,2019-06-08,3.1,31.0,askcomputerscience
312,2019-06-09,5.285714285714286,37.0,askcomputerscience
313,2019-06-10,4.230769230769232,55.0,askcomputerscience
314,2019-06-11,5.571428571428571,39.0,askcomputerscience
315,2019-06-12,4.25,68.0,askcomputerscience
316,2019-06-13,2.9230769230769234,38.0,askcomputerscience
317,2019-06-14,6.111111111111112,55.0,askcomputerscience
318,2019-06-15,2.7777777777777777,25.0,askcomputerscience
319,2019-06-16,4.428571428571429,31.0,askcomputerscience
320,2019-06-17,3.8461538461538463,50.0,askcomputerscience
321,2019-06-18,2.4705882352941178,42.0,askcomputerscience
322,2019-06-19,8.444444444444445,76.0,askcomputerscience
323,2019-06-20,4.6,46.0,askcomputerscience
324,2019-06-21,5.111111111111111,46.0,askcomputerscience
325,2019-06-22,3.2222222222222223,29.0,askcomputerscience
326,2019-06-23,8.428571428571429,59.0,askcomputerscience
327,2019-06-24,6.7142857142857135,47.0,askcomputerscience
328,2019-06-25,4.285714285714286,60.0,askcomputerscience
329,2019-06-26,2.3,23.0,askcomputerscience
330,2019-06-27,3.75,30.0,askcomputerscience
331,2019-06-28,4.3,43.0,askcomputerscience
332,2019-06-29,4.727272727272728,52.0,askcomputerscience
333,2019-06-30,4.111111111111111,37.0,askcomputerscience
334,2019-07-01,4.6,23.0,askcomputerscience
335,2019-07-02,7.7,77.0,askcomputerscience
336,2019-07-03,4.111111111111111,37.0,askcomputerscience
337,2019-07-04,3.636363636363636,40.0,askcomputerscience
338,2019-07-05,6.2857142857142865,44.0,askcomputerscience
339,2019-07-06,8.071428571428571,113.0,askcomputerscience
340,2019-07-07,6.7,67.0,askcomputerscience
341,2019-07-08,9.6,96.0,askcomputerscience
342,2019-07-09,4.733333333333333,71.0,askcomputerscience
343,2019-07-10,4.615384615384615,60.0,askcomputerscience
344,2019-07-11,5.222222222222221,47.0,askcomputerscience
345,2019-07-12,7.066666666666666,106.0,askcomputerscience
346,2019-07-13,4.111111111111111,37.0,askcomputerscience
347,2019-07-14,3.75,30.0,askcomputerscience
348,2019-07-15,4.0,52.0,askcomputerscience
349,2019-07-16,8.0,64.0,askcomputerscience
350,2019-07-17,5.230769230769232,68.0,askcomputerscience
351,2019-07-18,3.8,19.0,askcomputerscience
352,2019-07-19,4.5555555555555545,41.0,askcomputerscience
353,2019-07-20,4.222222222222221,38.0,askcomputerscience
354,2019-07-21,5.5,77.0,askcomputerscience
355,2019-07-22,4.153846153846153,54.0,askcomputerscience
356,2019-07-23,7.0,56.0,askcomputerscience
357,2019-07-24,4.375,35.0,askcomputerscience
358,2019-07-25,5.285714285714286,37.0,askcomputerscience
359,2019-07-26,4.230769230769232,55.0,askcomputerscience
360,2019-07-27,5.875,47.0,askcomputerscience
361,2019-07-28,4.125,33.0,askcomputerscience
362,2019-07-29,3.1666666666666665,38.0,askcomputerscience
363,2019-07-30,12.75,102.0,askcomputerscience
364,2019-05-01,10.333333333333334,31.0,askculinary
365,2019-05-02,12.35483870967742,383.0,askculinary
366,2019-05-03,12.84375,411.0,askculinary
367,2019-05-04,11.586206896551724,336.0,askculinary
368,2019-05-05,11.173913043478262,257.0,askculinary
369,2019-05-06,10.447368421052632,397.0,askculinary
370,2019-05-07,13.73684210526316,522.0,askculinary
371,2019-05-08,13.038461538461537,678.0,askculinary
372,2019-05-09,14.625,468.0,askculinary
373,2019-05-10,11.515151515151516,380.0,askculinary
374,2019-05-11,8.894736842105264,338.0,askculinary
375,2019-05-12,13.347826086956523,307.0,askculinary
376,2019-05-13,10.692307692307693,417.0,askculinary
377,2019-05-14,9.066666666666666,408.0,askculinary
378,2019-05-15,30.714285714285715,430.0,askculinary
379,2019-05-16,10.787234042553193,507.0,askculinary
380,2019-05-17,12.620689655172415,366.0,askculinary
381,2019-05-18,16.95,339.0,askculinary
382,2019-05-19,12.866666666666667,386.0,askculinary
383,2019-05-20,10.275,411.0,askculinary
384,2019-05-21,14.238095238095234,598.0,askculinary
385,2019-05-22,19.81081081081081,733.0,askculinary
386,2019-05-23,13.034482758620689,378.0,askculinary
387,2019-05-24,13.79310344827586,400.0,askculinary
388,2019-05-25,8.944444444444445,161.0,askculinary
389,2019-05-26,10.583333333333334,381.0,askculinary
390,2019-05-27,13.307692307692307,346.0,askculinary
391,2019-05-28,13.428571428571427,470.0,askculinary
392,2019-05-29,17.875,572.0,askculinary
393,2019-05-30,10.0,330.0,askculinary
394,2019-05-31,13.0,416.0,askculinary
395,2019-06-01,13.666666666666664,369.0,askculinary
396,2019-06-02,12.4,310.0,askculinary
397,2019-06-03,10.657894736842103,405.0,askculinary
398,2019-06-04,9.770833333333334,469.0,askculinary
399,2019-06-05,17.40625,557.0,askculinary
400,2019-06-06,10.424242424242424,344.0,askculinary
401,2019-06-07,11.806451612903226,366.0,askculinary
402,2019-06-08,11.621621621621617,430.0,askculinary
403,2019-06-09,15.866666666666667,476.0,askculinary
404,2019-06-10,11.088235294117649,377.0,askculinary
405,2019-06-11,11.857142857142858,581.0,askculinary
406,2019-06-12,11.0,385.0,askculinary
407,2019-06-13,13.551724137931034,393.0,askculinary
408,2019-06-14,11.542857142857144,404.0,askculinary
409,2019-06-15,10.678571428571429,299.0,askculinary
410,2019-06-16,11.866666666666667,356.0,askculinary
411,2019-06-17,11.894736842105265,452.0,askculinary
412,2019-06-18,12.725,509.0,askculinary
413,2019-06-19,16.923076923076927,440.0,askculinary
414,2019-06-20,11.1025641025641,433.0,askculinary
415,2019-06-21,9.444444444444443,340.0,askculinary
416,2019-06-22,12.625,303.0,askculinary
417,2019-06-23,12.066666666666665,362.0,askculinary
418,2019-06-24,13.0,429.0,askculinary
419,2019-06-25,18.310344827586206,531.0,askculinary
420,2019-06-26,11.692307692307693,456.0,askculinary
421,2019-06-27,11.909090909090908,524.0,askculinary
422,2019-06-28,14.592592592592592,394.0,askculinary
423,2019-06-29,15.8,395.0,askculinary
424,2019-06-30,9.433333333333334,283.0,askculinary
425,2019-07-01,11.948717948717947,466.0,askculinary
426,2019-07-02,12.266666666666667,368.0,askculinary
427,2019-07-03,18.6,465.0,askculinary
428,2019-07-04,20.8,520.0,askculinary
429,2019-07-05,18.83870967741936,584.0,askculinary
430,2019-07-06,16.75,402.0,askculinary
431,2019-07-07,18.0,612.0,askculinary
432,2019-07-08,13.886363636363635,611.0,askculinary
433,2019-07-09,12.516129032258064,388.0,askculinary
434,2019-07-10,12.8,384.0,askculinary
435,2019-07-11,19.86206896551724,576.0,askculinary
436,2019-07-12,18.5,407.0,askculinary
437,2019-07-13,17.142857142857142,600.0,askculinary
438,2019-07-14,11.314285714285715,396.0,askculinary
439,2019-07-15,9.64102564102564,376.0,askculinary
440,2019-07-16,14.783783783783786,547.0,askculinary
441,2019-07-17,11.886363636363635,523.0,askculinary
442,2019-07-18,15.785714285714285,442.0,askculinary
443,2019-07-19,15.81578947368421,601.0,askculinary
444,2019-07-20,12.12121212121212,400.0,askculinary
445,2019-07-21,18.966666666666665,569.0,askculinary
446,2019-07-22,12.186046511627907,524.0,askculinary
447,2019-07-23,14.435897435897436,563.0,askculinary
448,2019-07-24,10.395348837209305,447.0,askculinary
449,2019-07-25,15.068181818181818,663.0,askculinary
450,2019-07-26,8.672413793103447,503.0,askculinary
451,2019-07-27,12.161290322580646,377.0,askculinary
452,2019-07-28,16.344827586206893,474.0,askculinary
453,2019-07-29,15.125,484.0,askculinary
454,2019-07-30,13.571428571428573,380.0,askculinary
455,2019-05-01,5.0,5.0,trueaskreddit
456,2019-05-02,7.7142857142857135,54.0,trueaskreddit
457,2019-05-03,15.25,61.0,trueaskreddit
458,2019-05-04,5.7142857142857135,40.0,trueaskreddit
459,2019-05-05,9.333333333333334,84.0,trueaskreddit
460,2019-05-06,13.888888888888891,125.0,trueaskreddit
461,2019-05-07,10.777777777777779,97.0,trueaskreddit
462,2019-05-08,18.0,162.0,trueaskreddit
463,2019-05-09,12.833333333333336,154.0,trueaskreddit
464,2019-05-10,10.285714285714286,72.0,trueaskreddit
465,2019-05-11,21.9,219.0,trueaskreddit
466,2019-05-12,28.375,227.0,trueaskreddit
467,2019-05-13,48.83333333333334,293.0,trueaskreddit
468,2019-05-14,18.4,184.0,trueaskreddit
469,2019-05-15,13.833333333333336,83.0,trueaskreddit
470,2019-05-16,34.5,138.0,trueaskreddit
471,2019-05-17,12.666666666666664,76.0,trueaskreddit
472,2019-05-18,16.333333333333332,49.0,trueaskreddit
473,2019-05-19,24.285714285714285,170.0,trueaskreddit
474,2019-05-20,23.4,117.0,trueaskreddit
475,2019-05-21,19.285714285714285,135.0,trueaskreddit
476,2019-05-22,56.14285714285714,393.0,trueaskreddit
477,2019-05-23,46.75,374.0,trueaskreddit
478,2019-05-24,9.166666666666666,55.0,trueaskreddit
479,2019-05-25,24.0,72.0,trueaskreddit
480,2019-05-26,35.0,210.0,trueaskreddit
481,2019-05-27,9.3,93.0,trueaskreddit
482,2019-05-28,26.25,105.0,trueaskreddit
483,2019-05-29,26.72727272727273,294.0,trueaskreddit
484,2019-05-30,31.5,126.0,trueaskreddit
485,2019-05-31,24.5,98.0,trueaskreddit
486,2019-06-01,25.0,75.0,trueaskreddit
487,2019-06-02,16.833333333333332,101.0,trueaskreddit
488,2019-06-03,40.0,200.0,trueaskreddit
489,2019-06-04,17.166666666666668,103.0,trueaskreddit
490,2019-06-05,25.42857142857143,178.0,trueaskreddit
491,2019-06-06,50.4,252.0,trueaskreddit
492,2019-06-07,10.777777777777779,97.0,trueaskreddit
493,2019-06-08,22.0,132.0,trueaskreddit
494,2019-06-09,28.5,57.0,trueaskreddit
495,2019-06-10,12.857142857142858,90.0,trueaskreddit
496,2019-06-11,12.714285714285715,89.0,trueaskreddit
497,2019-06-12,23.8,119.0,trueaskreddit
498,2019-06-13,17.666666666666668,159.0,trueaskreddit
499,2019-06-14,29.0,116.0,trueaskreddit
500,2019-06-15,37.0,111.0,trueaskreddit
501,2019-06-16,27.714285714285715,194.0,trueaskreddit
502,2019-06-17,11.0,66.0,trueaskreddit
503,2019-06-18,32.714285714285715,229.0,trueaskreddit
504,2019-06-19,22.54545454545455,248.0,trueaskreddit
505,2019-06-20,33.75,135.0,trueaskreddit
506,2019-06-21,13.25,106.0,trueaskreddit
507,2019-06-22,12.571428571428573,88.0,trueaskreddit
508,2019-06-23,31.2,156.0,trueaskreddit
509,2019-06-24,35.5,213.0,trueaskreddit
510,2019-06-25,32.0,224.0,trueaskreddit
511,2019-06-26,33.875,271.0,trueaskreddit
512,2019-06-27,9.285714285714286,65.0,trueaskreddit
513,2019-06-28,17.22222222222222,155.0,trueaskreddit
514,2019-06-29,21.66666666666667,65.0,trueaskreddit
515,2019-06-30,9.0,54.0,trueaskreddit
516,2019-07-01,14.7,147.0,trueaskreddit
517,2019-07-02,21.384615384615387,278.0,trueaskreddit
518,2019-07-03,64.5,129.0,trueaskreddit
519,2019-07-04,19.75,79.0,trueaskreddit
520,2019-07-05,36.5,146.0,trueaskreddit
521,2019-07-06,7.625,61.0,trueaskreddit
522,2019-07-07,4.4,22.0,trueaskreddit
523,2019-07-08,11.888888888888891,107.0,trueaskreddit
524,2019-07-09,21.0,126.0,trueaskreddit
525,2019-07-10,30.33333333333333,182.0,trueaskreddit
526,2019-07-11,5.166666666666667,31.0,trueaskreddit
527,2019-07-12,8.25,66.0,trueaskreddit
528,2019-07-13,15.428571428571427,108.0,trueaskreddit
529,2019-07-14,11.142857142857142,78.0,trueaskreddit
530,2019-07-15,10.444444444444443,94.0,trueaskreddit
531,2019-07-16,17.0,153.0,trueaskreddit
532,2019-07-17,17.25,138.0,trueaskreddit
533,2019-07-18,7.25,116.0,trueaskreddit
534,2019-07-19,11.333333333333336,68.0,trueaskreddit
535,2019-07-20,49.0,98.0,trueaskreddit
536,2019-07-21,31.125,249.0,trueaskreddit
537,2019-07-22,77.25,309.0,trueaskreddit
538,2019-07-23,8.666666666666666,78.0,trueaskreddit
539,2019-07-24,7.625,61.0,trueaskreddit
540,2019-07-25,15.0,60.0,trueaskreddit
541,2019-07-26,20.428571428571427,143.0,trueaskreddit
542,2019-07-27,12.285714285714285,86.0,trueaskreddit
543,2019-07-28,8.333333333333334,75.0,trueaskreddit
544,2019-07-29,8.818181818181818,97.0,trueaskreddit
545,2019-07-30,17.0,51.0,trueaskreddit
546,2019-05-02,8.166666666666666,49.0,asksocialscience
547,2019-05-03,7.0,14.0,asksocialscience
548,2019-05-04,3.4,17.0,asksocialscience
549,2019-05-05,4.5,36.0,asksocialscience
550,2019-05-06,7.125,57.0,asksocialscience
551,2019-05-07,5.7,57.0,asksocialscience
552,2019-05-08,4.428571428571429,31.0,asksocialscience
553,2019-05-09,5.5,55.0,asksocialscience
554,2019-05-10,6.916666666666668,83.0,asksocialscience
555,2019-05-11,3.625,29.0,asksocialscience
556,2019-05-12,9.125,73.0,asksocialscience
557,2019-05-13,3.4285714285714284,24.0,asksocialscience
558,2019-05-14,5.777777777777778,52.0,asksocialscience
559,2019-05-15,6.5,39.0,asksocialscience
560,2019-05-16,8.25,66.0,asksocialscience
561,2019-05-17,6.0,42.0,asksocialscience
562,2019-05-18,5.3,53.0,asksocialscience
563,2019-05-19,10.75,43.0,asksocialscience
564,2019-05-20,2.75,11.0,asksocialscience
565,2019-05-21,9.5,38.0,asksocialscience
566,2019-05-22,4.3,43.0,asksocialscience
567,2019-05-23,6.5,65.0,asksocialscience
568,2019-05-24,7.166666666666668,43.0,asksocialscience
569,2019-05-25,10.4,52.0,asksocialscience
570,2019-05-26,4.0,48.0,asksocialscience
571,2019-05-27,3.5,14.0,asksocialscience
572,2019-05-28,8.333333333333334,50.0,asksocialscience
573,2019-05-29,6.25,50.0,asksocialscience
574,2019-05-30,13.285714285714285,93.0,asksocialscience
575,2019-05-31,4.615384615384615,60.0,asksocialscience
576,2019-06-01,7.75,31.0,asksocialscience
577,2019-06-02,8.428571428571429,59.0,asksocialscience
578,2019-06-03,2.6,13.0,asksocialscience
579,2019-06-04,3.0,30.0,asksocialscience
580,2019-06-05,6.777777777777778,61.0,asksocialscience
581,2019-06-06,18.0,54.0,asksocialscience
582,2019-06-07,5.333333333333333,48.0,asksocialscience
583,2019-06-08,3.8571428571428568,27.0,asksocialscience
584,2019-06-09,7.833333333333332,47.0,asksocialscience
585,2019-06-10,4.5,27.0,asksocialscience
586,2019-06-11,11.333333333333336,34.0,asksocialscience
587,2019-06-12,4.666666666666667,28.0,asksocialscience
588,2019-06-13,3.6666666666666665,33.0,asksocialscience
589,2019-06-14,4.777777777777779,43.0,asksocialscience
590,2019-06-15,5.333333333333333,32.0,asksocialscience
591,2019-06-16,10.5,42.0,asksocialscience
592,2019-06-17,3.5,28.0,asksocialscience
593,2019-06-18,3.0,12.0,asksocialscience
594,2019-06-19,2.6,13.0,asksocialscience
595,2019-06-20,12.0,36.0,asksocialscience
596,2019-06-21,6.5,52.0,asksocialscience
597,2019-06-22,3.6,36.0,asksocialscience
598,2019-06-23,13.5,81.0,asksocialscience
599,2019-06-24,14.0,42.0,asksocialscience
600,2019-06-25,6.5,39.0,asksocialscience
601,2019-06-26,4.666666666666667,14.0,asksocialscience
602,2019-06-27,3.5,28.0,asksocialscience
603,2019-06-28,4.5,18.0,asksocialscience
604,2019-06-29,10.4,52.0,asksocialscience
605,2019-06-30,14.0,42.0,asksocialscience
606,2019-07-01,3.25,26.0,asksocialscience
607,2019-07-02,8.2,41.0,asksocialscience
608,2019-07-03,1.7142857142857142,12.0,asksocialscience
609,2019-07-04,8.0,16.0,asksocialscience
610,2019-07-05,4.25,34.0,asksocialscience
611,2019-07-06,9.4,47.0,asksocialscience
612,2019-07-07,3.6666666666666665,22.0,asksocialscience
613,2019-07-08,9.833333333333334,59.0,asksocialscience
614,2019-07-09,8.75,35.0,asksocialscience
615,2019-07-10,5.125,41.0,asksocialscience
616,2019-07-11,5.5,33.0,asksocialscience
617,2019-07-12,3.25,26.0,asksocialscience
618,2019-07-13,3.8571428571428568,27.0,asksocialscience
619,2019-07-14,6.25,25.0,asksocialscience
620,2019-07-15,3.625,29.0,asksocialscience
621,2019-07-16,5.833333333333332,35.0,asksocialscience
622,2019-07-17,4.666666666666667,28.0,asksocialscience
623,2019-07-18,6.25,25.0,asksocialscience
624,2019-07-19,5.428571428571429,38.0,asksocialscience
625,2019-07-20,9.666666666666666,29.0,asksocialscience
626,2019-07-21,4.0,12.0,asksocialscience
627,2019-07-22,2.6666666666666665,24.0,asksocialscience
628,2019-07-23,6.0,18.0,asksocialscience
629,2019-07-24,3.125,25.0,asksocialscience
630,2019-07-25,5.285714285714286,37.0,asksocialscience
631,2019-07-26,7.6,38.0,asksocialscience
632,2019-07-27,2.5,15.0,asksocialscience
633,2019-07-28,4.333333333333333,13.0,asksocialscience
634,2019-07-29,5.0,50.0,asksocialscience
635,2019-07-30,7.666666666666668,46.0,asksocialscience
636,2019-05-01,5.142857142857143,36.0,askengineers
637,2019-05-02,11.76086956521739,541.0,askengineers
638,2019-05-03,12.891891891891891,477.0,askengineers
639,2019-05-04,7.736842105263157,294.0,askengineers
640,2019-05-05,9.387096774193546,291.0,askengineers
641,2019-05-06,12.421052631578947,472.0,askengineers
642,2019-05-07,10.813953488372093,465.0,askengineers
643,2019-05-08,8.679245283018869,460.0,askengineers
644,2019-05-09,9.370370370370368,506.0,askengineers
645,2019-05-10,9.54,477.0,askengineers
646,2019-05-11,11.90625,381.0,askengineers
647,2019-05-12,10.433333333333334,313.0,askengineers
648,2019-05-13,10.75,387.0,askengineers
649,2019-05-14,9.567567567567568,354.0,askengineers
650,2019-05-15,12.512820512820511,488.0,askengineers
651,2019-05-16,11.026315789473683,419.0,askengineers
652,2019-05-17,13.03921568627451,665.0,askengineers
653,2019-05-18,16.875,405.0,askengineers
654,2019-05-19,8.787878787878787,290.0,askengineers
655,2019-05-20,10.903225806451614,338.0,askengineers
656,2019-05-21,8.037037037037036,434.0,askengineers
657,2019-05-22,6.602941176470589,449.0,askengineers
658,2019-05-23,11.098039215686274,566.0,askengineers
659,2019-05-24,12.916666666666664,465.0,askengineers
660,2019-05-25,12.441176470588234,423.0,askengineers
661,2019-05-26,21.903225806451612,679.0,askengineers
662,2019-05-27,11.530612244897961,565.0,askengineers
663,2019-05-28,7.971014492753622,550.0,askengineers
664,2019-05-29,10.410714285714286,583.0,askengineers
665,2019-05-30,11.244444444444444,506.0,askengineers
666,2019-05-31,7.431372549019607,379.0,askengineers
667,2019-06-01,14.31578947368421,544.0,askengineers
668,2019-06-02,10.540540540540539,390.0,askengineers
669,2019-06-03,6.480769230769232,337.0,askengineers
670,2019-06-04,9.145454545454543,503.0,askengineers
671,2019-06-05,10.309090909090909,567.0,askengineers
672,2019-06-06,9.591836734693876,470.0,askengineers
673,2019-06-07,15.4375,494.0,askengineers
674,2019-06-08,11.648648648648651,431.0,askengineers
675,2019-06-09,11.666666666666664,455.0,askengineers
676,2019-06-10,9.627450980392156,491.0,askengineers
677,2019-06-11,9.36,468.0,askengineers
678,2019-06-12,11.836363636363634,651.0,askengineers
679,2019-06-13,8.087719298245615,461.0,askengineers
680,2019-06-14,17.636363636363637,776.0,askengineers
681,2019-06-15,9.823529411764708,334.0,askengineers
682,2019-06-16,15.653846153846152,407.0,askengineers
683,2019-06-17,7.051724137931035,409.0,askengineers
684,2019-06-18,9.545454545454543,420.0,askengineers
685,2019-06-19,11.0,671.0,askengineers
686,2019-06-20,13.22,661.0,askengineers
687,2019-06-21,10.21818181818182,562.0,askengineers
688,2019-06-22,10.842105263157897,412.0,askengineers
689,2019-06-23,9.74468085106383,458.0,askengineers
690,2019-06-24,9.733333333333333,438.0,askengineers
691,2019-06-25,10.821428571428573,606.0,askengineers
692,2019-06-26,10.362068965517242,601.0,askengineers
693,2019-06-27,15.75,756.0,askengineers
694,2019-06-28,16.804878048780488,689.0,askengineers
695,2019-06-29,14.61904761904762,307.0,askengineers
696,2019-06-30,10.342105263157897,393.0,askengineers
697,2019-07-01,14.32,716.0,askengineers
698,2019-07-02,10.894736842105265,621.0,askengineers
699,2019-07-03,10.173913043478262,468.0,askengineers
700,2019-07-04,7.48,374.0,askengineers
701,2019-07-05,7.75,372.0,askengineers
702,2019-07-06,11.157894736842103,424.0,askengineers
703,2019-07-07,18.65625,597.0,askengineers
704,2019-07-08,12.705882352941178,648.0,askengineers
705,2019-07-09,10.79245283018868,572.0,askengineers
706,2019-07-10,11.894736842105265,678.0,askengineers
707,2019-07-11,12.094339622641508,641.0,askengineers
708,2019-07-12,10.22,511.0,askengineers
709,2019-07-13,8.972972972972975,332.0,askengineers
710,2019-07-14,13.170212765957446,619.0,askengineers
711,2019-07-15,9.941176470588236,507.0,askengineers
712,2019-07-16,8.383333333333333,503.0,askengineers
713,2019-07-17,11.444444444444445,618.0,askengineers
714,2019-07-18,10.63265306122449,521.0,askengineers
715,2019-07-19,10.888888888888891,588.0,askengineers
716,2019-07-20,7.942857142857143,278.0,askengineers
717,2019-07-21,9.405405405405405,348.0,askengineers
718,2019-07-22,7.2,396.0,askengineers
719,2019-07-23,9.775862068965518,567.0,askengineers
720,2019-07-24,7.042553191489363,331.0,askengineers
721,2019-07-25,8.217391304347826,378.0,askengineers
722,2019-07-26,9.904761904761905,416.0,askengineers
723,2019-07-27,16.571428571428573,464.0,askengineers
724,2019-07-28,12.451612903225806,386.0,askengineers
725,2019-07-29,10.065217391304348,463.0,askengineers
726,2019-07-30,11.434782608695652,526.0,askengineers
727,2019-05-01,12.0,48.0,askphilosophy
728,2019-05-02,8.411764705882353,429.0,askphilosophy
729,2019-05-03,6.407407407407407,346.0,askphilosophy
730,2019-05-04,6.040816326530613,296.0,askphilosophy
731,2019-05-05,8.26086956521739,380.0,askphilosophy
732,2019-05-06,9.75,429.0,askphilosophy
733,2019-05-07,5.695652173913044,262.0,askphilosophy
734,2019-05-08,5.490909090909091,302.0,askphilosophy
735,2019-05-09,6.185185185185184,334.0,askphilosophy
736,2019-05-10,8.36111111111111,301.0,askphilosophy
737,2019-05-11,7.186046511627908,309.0,askphilosophy
738,2019-05-12,5.7333333333333325,258.0,askphilosophy
739,2019-05-13,6.946428571428571,389.0,askphilosophy
740,2019-05-14,5.719298245614035,326.0,askphilosophy
741,2019-05-15,6.902439024390245,283.0,askphilosophy
742,2019-05-16,6.243902439024391,256.0,askphilosophy
743,2019-05-17,7.860465116279069,338.0,askphilosophy
744,2019-05-18,8.488888888888889,382.0,askphilosophy
745,2019-05-19,5.381818181818181,296.0,askphilosophy
746,2019-05-20,5.686274509803924,290.0,askphilosophy
747,2019-05-21,7.36842105263158,280.0,askphilosophy
748,2019-05-22,6.4,256.0,askphilosophy
749,2019-05-23,6.9230769230769225,360.0,askphilosophy
750,2019-05-24,8.44186046511628,363.0,askphilosophy
751,2019-05-25,5.975609756097561,245.0,askphilosophy
752,2019-05-26,4.536585365853658,186.0,askphilosophy
753,2019-05-27,5.357142857142857,225.0,askphilosophy
754,2019-05-28,8.4375,405.0,askphilosophy
755,2019-05-29,6.244897959183674,306.0,askphilosophy
756,2019-05-30,8.162162162162161,302.0,askphilosophy
757,2019-05-31,6.909090909090909,304.0,askphilosophy
758,2019-06-01,6.093023255813954,262.0,askphilosophy
759,2019-06-02,7.0638297872340425,332.0,askphilosophy
760,2019-06-03,9.4,423.0,askphilosophy
761,2019-06-04,5.264150943396227,279.0,askphilosophy
762,2019-06-05,10.742857142857142,376.0,askphilosophy
763,2019-06-06,8.568181818181818,377.0,askphilosophy
764,2019-06-07,9.645833333333334,463.0,askphilosophy
765,2019-06-08,9.75,351.0,askphilosophy
766,2019-06-09,5.2745098039215685,269.0,askphilosophy
767,2019-06-10,6.596153846153847,343.0,askphilosophy
768,2019-06-11,7.53125,241.0,askphilosophy
769,2019-06-12,5.098039215686273,260.0,askphilosophy
770,2019-06-13,6.069767441860465,261.0,askphilosophy
771,2019-06-14,7.545454545454546,249.0,askphilosophy
772,2019-06-15,5.913043478260869,272.0,askphilosophy
773,2019-06-16,5.351351351351352,198.0,askphilosophy
774,2019-06-17,5.840909090909091,257.0,askphilosophy
775,2019-06-18,5.0625,162.0,askphilosophy
776,2019-06-19,5.925,237.0,askphilosophy
777,2019-06-20,7.104166666666668,341.0,askphilosophy
778,2019-06-21,8.184210526315791,311.0,askphilosophy
779,2019-06-22,7.75,310.0,askphilosophy
780,2019-06-23,5.377777777777778,242.0,askphilosophy
781,2019-06-24,6.833333333333332,328.0,askphilosophy
782,2019-06-25,6.638888888888888,239.0,askphilosophy
783,2019-06-26,9.617647058823527,327.0,askphilosophy
784,2019-06-27,8.59375,275.0,askphilosophy
785,2019-06-28,7.114285714285713,249.0,askphilosophy
786,2019-06-29,4.729166666666667,227.0,askphilosophy
787,2019-06-30,6.648648648648647,246.0,askphilosophy
788,2019-07-01,6.072727272727272,334.0,askphilosophy
789,2019-07-02,10.333333333333334,372.0,askphilosophy
790,2019-07-03,6.833333333333332,328.0,askphilosophy
791,2019-07-04,6.6764705882352935,227.0,askphilosophy
792,2019-07-05,7.7714285714285705,272.0,askphilosophy
793,2019-07-06,8.864864864864865,328.0,askphilosophy
794,2019-07-07,6.0,264.0,askphilosophy
795,2019-07-08,5.875,282.0,askphilosophy
796,2019-07-09,5.113636363636363,225.0,askphilosophy
797,2019-07-10,8.2,369.0,askphilosophy
798,2019-07-11,5.9318181818181825,261.0,askphilosophy
799,2019-07-12,7.0681818181818175,311.0,askphilosophy
800,2019-07-13,9.282051282051283,362.0,askphilosophy
801,2019-07-14,9.464285714285714,265.0,askphilosophy
802,2019-07-15,6.72,336.0,askphilosophy
803,2019-07-16,8.142857142857142,285.0,askphilosophy
804,2019-07-17,8.09433962264151,429.0,askphilosophy
805,2019-07-18,8.767441860465116,377.0,askphilosophy
806,2019-07-19,6.357142857142858,267.0,askphilosophy
807,2019-07-20,7.487804878048781,307.0,askphilosophy
808,2019-07-21,8.186046511627907,352.0,askphilosophy
809,2019-07-22,8.0,312.0,askphilosophy
810,2019-07-23,8.25,330.0,askphilosophy
811,2019-07-24,8.0,312.0,askphilosophy
812,2019-07-25,5.979591836734693,293.0,askphilosophy
813,2019-07-26,5.384615384615384,210.0,askphilosophy
814,2019-07-27,6.2,248.0,askphilosophy
815,2019-07-28,7.0227272727272725,309.0,askphilosophy
816,2019-07-29,8.203703703703704,443.0,askphilosophy
817,2019-07-30,7.4107142857142865,415.0,askphilosophy
