,date,unique_users,subreddit
0,2019-07-31 12:22:39.080766,16073,askreddit
1,2019-07-30 12:23:22.048369,17237,askreddit
2,2019-07-29 12:24:07.578196,17892,askreddit
3,2019-07-28 12:24:53.734399,16656,askreddit
4,2019-07-27 12:25:34.805941,16351,askreddit
5,2019-07-26 12:26:23.699714,18633,askreddit
6,2019-07-25 12:27:06.426452,16092,askreddit
7,2019-07-24 12:27:53.052125,16995,askreddit
8,2019-07-23 12:28:33.681493,16379,askreddit
9,2019-07-22 12:29:19.538673,16775,askreddit
10,2019-07-21 12:30:03.975163,16025,askreddit
11,2019-07-20 12:30:45.161190,14761,askreddit
12,2019-07-19 12:31:22.660918,14595,askreddit
13,2019-07-18 12:32:06.358363,15832,askreddit
14,2019-07-17 12:32:49.876501,16201,askreddit
15,2019-07-16 12:33:38.409858,16449,askreddit
16,2019-07-15 12:34:21.521425,16391,askreddit
17,2019-07-14 12:35:00.410269,14879,askreddit
18,2019-07-13 12:35:41.399603,15094,askreddit
19,2019-07-12 12:36:22.535120,15576,askreddit
20,2019-07-11 12:37:03.099109,15738,askreddit
21,2019-07-10 12:37:42.732617,14963,askreddit
22,2019-07-09 12:38:25.741147,15164,askreddit
23,2019-07-08 12:39:03.373128,14879,askreddit
24,2019-07-07 12:39:39.102633,13885,askreddit
25,2019-07-06 12:40:16.324178,13136,askreddit
26,2019-07-05 12:40:50.522966,12981,askreddit
27,2019-07-04 12:41:25.927732,13253,askreddit
28,2019-07-03 12:42:02.306346,13559,askreddit
29,2019-07-02 12:42:41.058063,13197,askreddit
30,2019-07-01 12:43:19.209564,13950,askreddit
31,2019-06-30 12:43:57.595652,13703,askreddit
32,2019-06-29 12:44:34.365308,12986,askreddit
33,2019-06-28 12:45:12.268095,13080,askreddit
34,2019-06-27 12:45:56.107820,14816,askreddit
35,2019-06-26 12:46:35.627039,14851,askreddit
36,2019-06-25 12:47:16.053127,14940,askreddit
37,2019-06-24 12:47:52.867217,14986,askreddit
38,2019-06-23 12:48:33.181879,15654,askreddit
39,2019-06-22 12:49:08.943844,14017,askreddit
40,2019-06-21 12:49:46.495865,13376,askreddit
41,2019-06-20 12:50:23.370703,14479,askreddit
42,2019-06-19 12:51:03.786111,15617,askreddit
43,2019-06-18 12:51:42.154341,15189,askreddit
44,2019-06-17 12:52:20.580353,14393,askreddit
45,2019-06-16 12:53:00.280991,14331,askreddit
46,2019-06-15 12:53:41.066026,14660,askreddit
47,2019-06-14 12:54:17.823519,13477,askreddit
48,2019-06-13 12:55:01.956835,14754,askreddit
49,2019-06-12 12:55:46.302924,14732,askreddit
50,2019-06-11 12:56:29.640609,15116,askreddit
51,2019-06-10 12:57:12.050510,14160,askreddit
52,2019-06-09 12:57:48.532045,13617,askreddit
53,2019-06-08 12:58:25.344719,13272,askreddit
54,2019-06-07 12:58:59.900401,12847,askreddit
55,2019-06-06 12:59:41.682983,13883,askreddit
56,2019-06-05 13:00:24.719199,14876,askreddit
57,2019-06-04 13:01:15.209341,15931,askreddit
58,2019-06-03 13:01:57.015962,15340,askreddit
59,2019-06-02 13:02:39.884688,15253,askreddit
60,2019-06-01 13:03:26.059194,13692,askreddit
61,2019-05-31 13:04:02.559480,13725,askreddit
62,2019-05-30 13:04:47.370488,14557,askreddit
63,2019-05-29 13:05:54.082148,15233,askreddit
64,2019-05-28 13:06:57.546108,14389,askreddit
65,2019-05-27 13:07:36.528417,14371,askreddit
66,2019-05-26 13:08:10.923521,13327,askreddit
67,2019-05-25 13:08:44.721449,12059,askreddit
68,2019-05-24 13:09:18.953730,12016,askreddit
69,2019-05-23 13:09:54.452940,12898,askreddit
70,2019-05-22 13:10:33.503258,13511,askreddit
71,2019-05-21 13:11:20.571408,13833,askreddit
72,2019-05-20 13:12:03.006252,13759,askreddit
73,2019-05-19 13:12:38.981582,12996,askreddit
74,2019-05-18 13:13:13.900809,12640,askreddit
75,2019-05-17 13:13:50.270750,11773,askreddit
76,2019-05-16 13:14:31.336443,14816,askreddit
77,2019-05-15 13:15:13.928551,14859,askreddit
78,2019-05-14 13:15:55.098060,15155,askreddit
79,2019-05-13 13:16:33.932126,14655,askreddit
80,2019-05-12 13:17:13.531478,13743,askreddit
81,2019-05-11 13:17:51.826841,14262,askreddit
82,2019-05-10 13:18:28.341404,13019,askreddit
83,2019-05-09 13:19:11.205187,14385,askreddit
84,2019-05-08 13:19:51.322551,14352,askreddit
85,2019-05-07 13:20:32.135860,15414,askreddit
86,2019-05-06 13:21:13.398715,15373,askreddit
87,2019-05-05 13:21:57.761130,15874,askreddit
88,2019-05-04 13:22:40.381797,14904,askreddit
89,2019-05-03 13:23:19.362819,14190,askreddit
90,2019-07-31 13:23:21.850910,334,askscience
91,2019-07-30 13:23:23.878684,368,askscience
92,2019-07-29 13:23:25.722144,318,askscience
93,2019-07-28 13:23:27.150328,307,askscience
94,2019-07-27 13:23:29.820067,306,askscience
95,2019-07-26 13:23:31.764126,307,askscience
96,2019-07-25 13:23:33.683456,339,askscience
97,2019-07-24 13:23:35.589358,332,askscience
98,2019-07-23 13:23:37.563539,383,askscience
99,2019-07-22 13:23:39.750865,393,askscience
100,2019-07-21 13:23:41.366482,347,askscience
101,2019-07-20 13:23:43.024806,352,askscience
102,2019-07-19 13:23:44.686017,342,askscience
103,2019-07-18 13:23:46.463202,386,askscience
104,2019-07-17 13:23:48.418572,368,askscience
105,2019-07-16 13:23:50.080966,349,askscience
106,2019-07-15 13:23:51.474799,357,askscience
107,2019-07-14 13:23:53.405062,385,askscience
108,2019-07-13 13:23:55.007586,313,askscience
109,2019-07-12 13:23:57.055466,316,askscience
110,2019-07-11 13:23:59.241164,337,askscience
111,2019-07-10 13:24:01.128663,375,askscience
112,2019-07-09 13:24:02.993690,406,askscience
113,2019-07-08 13:24:04.711363,411,askscience
114,2019-07-07 13:24:06.683782,401,askscience
115,2019-07-06 13:24:08.399550,335,askscience
116,2019-07-05 13:24:10.470134,315,askscience
117,2019-07-04 13:24:12.161868,319,askscience
118,2019-07-03 13:24:13.713773,309,askscience
119,2019-07-02 13:24:15.692865,343,askscience
120,2019-07-01 13:24:17.581968,315,askscience
121,2019-06-30 13:24:19.480520,313,askscience
122,2019-06-29 13:24:21.393581,351,askscience
123,2019-06-28 13:24:23.415379,323,askscience
124,2019-06-27 13:24:25.111427,324,askscience
125,2019-06-26 13:24:27.027431,382,askscience
126,2019-06-25 13:24:29.003591,369,askscience
127,2019-06-24 13:24:31.050892,377,askscience
128,2019-06-23 13:24:33.508711,357,askscience
129,2019-06-22 13:24:35.427764,342,askscience
130,2019-06-21 13:24:37.362014,303,askscience
131,2019-06-20 13:24:39.445196,353,askscience
132,2019-06-19 13:24:41.395455,344,askscience
133,2019-06-18 13:24:43.247769,342,askscience
134,2019-06-17 13:24:44.998678,391,askscience
135,2019-06-16 13:24:46.894913,415,askscience
136,2019-06-15 13:24:48.704605,389,askscience
137,2019-06-14 13:24:50.352575,335,askscience
138,2019-06-13 13:24:51.975472,297,askscience
139,2019-06-12 13:24:54.049490,371,askscience
140,2019-06-11 13:24:55.947184,356,askscience
141,2019-06-10 13:24:57.877864,333,askscience
142,2019-06-09 13:24:59.856831,307,askscience
143,2019-06-08 13:25:01.523937,345,askscience
144,2019-06-07 13:25:03.242937,325,askscience
145,2019-06-06 13:25:05.160996,343,askscience
146,2019-06-05 13:25:07.298427,366,askscience
147,2019-06-04 13:25:09.204705,367,askscience
148,2019-06-03 13:25:10.883281,334,askscience
149,2019-06-02 13:25:12.906951,400,askscience
150,2019-06-01 13:25:15.597565,361,askscience
151,2019-05-31 13:25:17.468760,347,askscience
152,2019-05-30 13:25:19.588021,378,askscience
153,2019-05-29 13:25:21.452748,351,askscience
154,2019-05-28 13:25:23.317021,379,askscience
155,2019-05-27 13:25:25.116597,327,askscience
156,2019-05-26 13:25:27.016214,329,askscience
157,2019-05-25 13:25:29.007956,331,askscience
158,2019-05-24 13:25:30.723910,297,askscience
159,2019-05-23 13:25:32.558615,315,askscience
160,2019-05-22 13:25:34.804518,393,askscience
161,2019-05-21 13:25:36.483234,365,askscience
162,2019-05-20 13:25:38.073034,338,askscience
163,2019-05-19 13:25:39.861680,330,askscience
164,2019-05-18 13:25:42.383416,344,askscience
165,2019-05-17 13:25:44.264664,343,askscience
166,2019-05-16 13:25:45.350896,403,askscience
167,2019-05-15 13:25:47.029518,380,askscience
168,2019-05-14 13:25:48.874651,368,askscience
169,2019-05-13 13:25:50.799005,404,askscience
170,2019-05-12 13:25:52.433478,363,askscience
171,2019-05-11 13:25:53.486751,388,askscience
172,2019-05-10 13:25:55.408364,382,askscience
173,2019-05-09 13:25:57.682941,362,askscience
174,2019-05-08 13:25:59.359438,439,askscience
175,2019-05-07 13:26:01.003153,440,askscience
176,2019-05-06 13:26:02.912968,397,askscience
177,2019-05-05 13:26:04.846270,378,askscience
178,2019-05-04 13:26:06.752621,404,askscience
179,2019-05-03 13:26:08.373803,359,askscience
180,2019-07-31 13:26:10.165681,145,askhistorians
181,2019-07-30 13:26:11.806889,153,askhistorians
182,2019-07-29 13:26:13.344612,171,askhistorians
183,2019-07-28 13:26:14.970051,158,askhistorians
184,2019-07-27 13:26:16.645430,155,askhistorians
185,2019-07-26 13:26:18.498076,161,askhistorians
186,2019-07-25 13:26:19.967194,191,askhistorians
187,2019-07-24 13:26:21.943542,181,askhistorians
188,2019-07-23 13:26:23.482967,163,askhistorians
189,2019-07-22 13:26:24.728558,178,askhistorians
190,2019-07-21 13:26:26.475282,177,askhistorians
191,2019-07-20 13:26:28.227034,179,askhistorians
192,2019-07-19 13:26:29.910856,151,askhistorians
193,2019-07-18 13:26:31.469869,177,askhistorians
194,2019-07-17 13:26:33.210024,169,askhistorians
195,2019-07-16 13:26:34.968461,196,askhistorians
196,2019-07-15 13:26:36.691575,152,askhistorians
197,2019-07-14 13:26:38.529520,164,askhistorians
198,2019-07-13 13:26:40.276600,164,askhistorians
199,2019-07-12 13:26:41.912303,145,askhistorians
200,2019-07-11 13:26:43.449376,166,askhistorians
201,2019-07-10 13:26:44.977941,195,askhistorians
202,2019-07-09 13:26:46.464172,173,askhistorians
203,2019-07-08 13:26:48.471425,191,askhistorians
204,2019-07-07 13:26:50.207786,213,askhistorians
205,2019-07-06 13:26:51.438782,225,askhistorians
206,2019-07-05 13:26:53.082274,134,askhistorians
207,2019-07-04 13:26:54.773680,135,askhistorians
208,2019-07-03 13:26:56.558821,168,askhistorians
209,2019-07-02 13:26:58.006918,166,askhistorians
210,2019-07-01 13:26:59.429791,167,askhistorians
211,2019-06-30 13:27:00.885451,185,askhistorians
212,2019-06-29 13:27:02.578476,139,askhistorians
213,2019-06-28 13:27:04.015395,122,askhistorians
214,2019-06-27 13:27:05.464902,144,askhistorians
215,2019-06-26 13:27:07.039365,151,askhistorians
216,2019-06-25 13:27:08.441192,159,askhistorians
217,2019-06-24 13:27:09.855526,141,askhistorians
218,2019-06-23 13:27:11.524743,164,askhistorians
219,2019-06-22 13:27:13.038131,157,askhistorians
220,2019-06-21 13:27:14.472715,159,askhistorians
221,2019-06-20 13:27:15.668701,170,askhistorians
222,2019-06-19 13:27:17.443650,194,askhistorians
223,2019-06-18 13:27:18.953166,178,askhistorians
224,2019-06-17 13:27:20.308717,154,askhistorians
225,2019-06-16 13:27:21.993752,176,askhistorians
226,2019-06-15 13:27:23.587477,149,askhistorians
227,2019-06-14 13:27:25.418738,144,askhistorians
228,2019-06-13 13:27:26.755797,146,askhistorians
229,2019-06-12 13:27:28.297464,161,askhistorians
230,2019-06-11 13:27:30.075598,144,askhistorians
231,2019-06-10 13:27:31.573992,166,askhistorians
232,2019-06-09 13:27:33.249266,167,askhistorians
233,2019-06-08 13:27:34.977482,170,askhistorians
234,2019-06-07 13:27:36.489472,161,askhistorians
235,2019-06-06 13:27:38.040463,171,askhistorians
236,2019-06-05 13:27:39.969582,183,askhistorians
237,2019-06-04 13:27:41.477600,160,askhistorians
238,2019-06-03 13:27:43.119465,151,askhistorians
239,2019-06-02 13:27:44.885784,178,askhistorians
240,2019-06-01 13:27:46.728870,154,askhistorians
241,2019-05-31 13:27:48.227747,166,askhistorians
242,2019-05-30 13:27:49.904489,156,askhistorians
243,2019-05-29 13:27:51.147271,180,askhistorians
244,2019-05-28 13:27:52.974723,174,askhistorians
245,2019-05-27 13:27:54.511083,176,askhistorians
246,2019-05-26 13:27:55.944511,165,askhistorians
247,2019-05-25 13:27:57.787491,144,askhistorians
248,2019-05-24 13:27:59.548117,151,askhistorians
249,2019-05-23 13:28:00.455679,158,askhistorians
250,2019-05-22 13:28:02.294266,170,askhistorians
251,2019-05-21 13:28:03.676464,155,askhistorians
252,2019-05-20 13:28:05.341934,148,askhistorians
253,2019-05-19 13:28:06.901036,150,askhistorians
254,2019-05-18 13:28:08.336720,153,askhistorians
255,2019-05-17 13:28:09.767953,147,askhistorians
256,2019-05-16 13:28:11.544584,154,askhistorians
257,2019-05-15 13:28:13.659511,192,askhistorians
258,2019-05-14 13:28:15.025718,156,askhistorians
259,2019-05-13 13:28:16.731317,161,askhistorians
260,2019-05-12 13:28:18.575247,171,askhistorians
261,2019-05-11 13:28:20.417390,161,askhistorians
262,2019-05-10 13:28:21.543753,156,askhistorians
263,2019-05-09 13:28:22.988148,151,askhistorians
264,2019-05-08 13:28:24.719269,180,askhistorians
265,2019-05-07 13:28:26.168831,182,askhistorians
266,2019-05-06 13:28:27.851962,200,askhistorians
267,2019-05-05 13:28:29.632117,146,askhistorians
268,2019-05-04 13:28:31.050609,169,askhistorians
269,2019-05-03 13:28:32.991413,152,askhistorians
270,2019-07-31 13:28:34.855837,364,explainlikeimfive
271,2019-07-30 13:28:36.984549,393,explainlikeimfive
272,2019-07-29 13:28:39.479091,420,explainlikeimfive
273,2019-07-28 13:28:41.233754,406,explainlikeimfive
274,2019-07-27 13:28:43.183515,344,explainlikeimfive
275,2019-07-26 13:28:45.163470,353,explainlikeimfive
276,2019-07-25 13:28:47.256881,332,explainlikeimfive
277,2019-07-24 13:28:48.986794,433,explainlikeimfive
278,2019-07-23 13:28:50.829528,403,explainlikeimfive
279,2019-07-22 13:28:52.508908,429,explainlikeimfive
280,2019-07-21 13:28:54.720917,433,explainlikeimfive
281,2019-07-20 13:28:56.766076,398,explainlikeimfive
282,2019-07-19 13:28:58.713692,414,explainlikeimfive
283,2019-07-18 13:29:00.561019,438,explainlikeimfive
284,2019-07-17 13:29:02.550062,402,explainlikeimfive
285,2019-07-16 13:29:04.624111,432,explainlikeimfive
286,2019-07-15 13:29:06.320918,443,explainlikeimfive
287,2019-07-14 13:29:08.042306,371,explainlikeimfive
288,2019-07-13 13:29:10.080289,413,explainlikeimfive
289,2019-07-12 13:29:11.923576,410,explainlikeimfive
290,2019-07-11 13:29:13.665992,413,explainlikeimfive
291,2019-07-10 13:29:15.430457,406,explainlikeimfive
292,2019-07-09 13:29:17.214031,434,explainlikeimfive
293,2019-07-08 13:29:18.886301,376,explainlikeimfive
294,2019-07-07 13:29:20.361988,365,explainlikeimfive
295,2019-07-06 13:29:21.958169,323,explainlikeimfive
296,2019-07-05 13:29:23.714109,379,explainlikeimfive
297,2019-07-04 13:29:26.461457,359,explainlikeimfive
298,2019-07-03 13:29:28.818912,379,explainlikeimfive
299,2019-07-02 13:29:31.206927,427,explainlikeimfive
300,2019-07-01 13:29:33.147165,313,explainlikeimfive
301,2019-06-30 13:29:35.022216,349,explainlikeimfive
302,2019-06-29 13:29:36.806824,398,explainlikeimfive
303,2019-06-28 13:29:38.563531,363,explainlikeimfive
304,2019-06-27 13:29:40.696648,391,explainlikeimfive
305,2019-06-26 13:29:42.847182,436,explainlikeimfive
306,2019-06-25 13:29:44.812517,376,explainlikeimfive
307,2019-06-24 13:29:46.541423,424,explainlikeimfive
308,2019-06-23 13:29:48.710856,414,explainlikeimfive
309,2019-06-22 13:29:50.733677,382,explainlikeimfive
310,2019-06-21 13:29:52.443643,347,explainlikeimfive
311,2019-06-20 13:29:54.828576,414,explainlikeimfive
312,2019-06-19 13:29:56.550846,427,explainlikeimfive
313,2019-06-18 13:29:58.414643,447,explainlikeimfive
314,2019-06-17 13:30:00.563008,447,explainlikeimfive
315,2019-06-16 13:30:02.712196,417,explainlikeimfive
316,2019-06-15 13:30:04.657800,457,explainlikeimfive
317,2019-06-14 13:30:06.705340,386,explainlikeimfive
318,2019-06-13 13:30:08.651015,400,explainlikeimfive
319,2019-06-12 13:30:10.904042,461,explainlikeimfive
320,2019-06-11 13:30:13.073242,432,explainlikeimfive
321,2019-06-10 13:30:14.980945,393,explainlikeimfive
322,2019-06-09 13:30:16.909990,350,explainlikeimfive
323,2019-06-08 13:30:18.613061,344,explainlikeimfive
324,2019-06-07 13:30:20.526255,323,explainlikeimfive
325,2019-06-06 13:30:22.471896,361,explainlikeimfive
326,2019-06-05 13:30:24.679528,425,explainlikeimfive
327,2019-06-04 13:30:26.726731,423,explainlikeimfive
328,2019-06-03 13:30:29.107207,372,explainlikeimfive
329,2019-06-02 13:30:31.160356,405,explainlikeimfive
330,2019-06-01 13:30:33.163493,321,explainlikeimfive
331,2019-05-31 13:30:35.302420,381,explainlikeimfive
332,2019-05-30 13:30:37.177252,419,explainlikeimfive
333,2019-05-29 13:30:39.219213,386,explainlikeimfive
334,2019-05-28 13:30:41.084366,387,explainlikeimfive
335,2019-05-27 13:30:43.168946,353,explainlikeimfive
336,2019-05-26 13:30:45.412630,394,explainlikeimfive
337,2019-05-25 13:30:47.554871,388,explainlikeimfive
338,2019-05-24 13:30:49.537360,380,explainlikeimfive
339,2019-05-23 13:30:51.759921,368,explainlikeimfive
340,2019-05-22 13:30:53.608779,394,explainlikeimfive
341,2019-05-21 13:30:55.715513,379,explainlikeimfive
342,2019-05-20 13:30:57.497868,365,explainlikeimfive
343,2019-05-19 13:30:59.296743,336,explainlikeimfive
344,2019-05-18 13:31:01.398449,327,explainlikeimfive
345,2019-05-17 13:31:03.173770,307,explainlikeimfive
346,2019-05-16 13:31:05.378640,416,explainlikeimfive
347,2019-05-15 13:31:07.631572,465,explainlikeimfive
348,2019-05-14 13:31:09.646899,394,explainlikeimfive
349,2019-05-13 13:31:11.233305,420,explainlikeimfive
350,2019-05-12 13:31:13.182444,408,explainlikeimfive
351,2019-05-11 13:31:15.303420,413,explainlikeimfive
352,2019-05-10 13:31:17.461290,380,explainlikeimfive
353,2019-05-09 13:31:19.612374,416,explainlikeimfive
354,2019-05-08 13:31:21.320413,395,explainlikeimfive
355,2019-05-07 13:31:24.117306,440,explainlikeimfive
356,2019-05-06 13:31:26.165607,431,explainlikeimfive
357,2019-05-05 13:31:28.110807,395,explainlikeimfive
358,2019-05-04 13:31:30.163863,414,explainlikeimfive
359,2019-05-03 13:31:32.066403,377,explainlikeimfive
360,2019-07-31 13:31:33.183432,11,askcomputerscience
361,2019-07-30 13:31:34.560513,12,askcomputerscience
362,2019-07-29 13:31:35.983607,9,askcomputerscience
363,2019-07-28 13:31:37.012430,10,askcomputerscience
364,2019-07-27 13:31:38.246526,10,askcomputerscience
365,2019-07-26 13:31:38.954206,9,askcomputerscience
366,2019-07-25 13:31:40.088172,12,askcomputerscience
367,2019-07-24 13:31:43.392577,5,askcomputerscience
368,2019-07-23 13:31:44.742084,8,askcomputerscience
369,2019-07-22 13:31:46.029285,11,askcomputerscience
370,2019-07-21 13:31:47.358101,11,askcomputerscience
371,2019-07-20 13:31:48.601279,15,askcomputerscience
372,2019-07-19 13:31:49.714727,9,askcomputerscience
373,2019-07-18 13:31:50.979054,9,askcomputerscience
374,2019-07-17 13:31:51.965649,5,askcomputerscience
375,2019-07-16 13:31:53.267169,11,askcomputerscience
376,2019-07-15 13:31:56.544115,12,askcomputerscience
377,2019-07-14 13:31:57.511388,10,askcomputerscience
378,2019-07-13 13:31:58.487796,7,askcomputerscience
379,2019-07-12 13:31:59.854130,12,askcomputerscience
380,2019-07-11 13:32:01.152146,14,askcomputerscience
381,2019-07-10 13:32:04.358297,10,askcomputerscience
382,2019-07-09 13:32:05.588004,12,askcomputerscience
383,2019-07-08 13:32:06.937243,14,askcomputerscience
384,2019-07-07 13:32:08.390454,12,askcomputerscience
385,2019-07-06 13:32:09.782758,9,askcomputerscience
386,2019-07-05 13:32:10.909302,12,askcomputerscience
387,2019-07-04 13:32:11.933336,7,askcomputerscience
388,2019-07-03 13:32:13.052257,13,askcomputerscience
389,2019-07-02 13:32:14.393538,7,askcomputerscience
390,2019-07-01 13:32:17.539410,11,askcomputerscience
391,2019-06-30 13:32:18.896515,5,askcomputerscience
392,2019-06-29 13:32:19.865947,9,askcomputerscience
393,2019-06-28 13:32:20.990801,13,askcomputerscience
394,2019-06-27 13:32:21.961367,9,askcomputerscience
395,2019-06-26 13:32:25.095926,7,askcomputerscience
396,2019-06-25 13:32:26.094786,10,askcomputerscience
397,2019-06-24 13:32:27.170571,14,askcomputerscience
398,2019-06-23 13:32:28.171876,7,askcomputerscience
399,2019-06-22 13:32:29.078830,7,askcomputerscience
400,2019-06-21 13:32:32.437122,10,askcomputerscience
401,2019-06-20 13:32:33.771080,7,askcomputerscience
402,2019-06-19 13:32:34.790152,10,askcomputerscience
403,2019-06-18 13:32:35.896203,14,askcomputerscience
404,2019-06-17 13:32:36.921609,14,askcomputerscience
405,2019-06-16 13:32:38.220978,12,askcomputerscience
406,2019-06-15 13:32:41.374553,6,askcomputerscience
407,2019-06-14 13:32:42.438513,9,askcomputerscience
408,2019-06-13 13:32:43.522334,12,askcomputerscience
409,2019-06-12 13:32:44.890175,11,askcomputerscience
410,2019-06-11 13:32:45.872368,15,askcomputerscience
411,2019-06-10 13:32:49.074185,7,askcomputerscience
412,2019-06-09 13:32:50.293071,14,askcomputerscience
413,2019-06-08 13:32:51.422555,7,askcomputerscience
414,2019-06-07 13:32:52.873853,11,askcomputerscience
415,2019-06-06 13:32:54.122766,13,askcomputerscience
416,2019-06-05 13:32:54.810649,6,askcomputerscience
417,2019-06-04 13:32:56.273310,19,askcomputerscience
418,2019-06-03 13:32:59.652003,16,askcomputerscience
419,2019-06-02 13:33:00.974747,15,askcomputerscience
420,2019-06-01 13:33:02.316060,10,askcomputerscience
421,2019-05-31 13:33:03.440411,8,askcomputerscience
422,2019-05-30 13:33:04.505091,9,askcomputerscience
423,2019-05-29 13:33:06.000975,16,askcomputerscience
424,2019-05-28 13:33:06.899267,16,askcomputerscience
425,2019-05-27 13:33:08.190971,9,askcomputerscience
426,2019-05-26 13:33:11.790894,15,askcomputerscience
427,2019-05-25 13:33:12.918975,8,askcomputerscience
428,2019-05-24 13:33:14.086324,12,askcomputerscience
429,2019-05-23 13:33:15.494273,12,askcomputerscience
430,2019-05-22 13:33:16.649969,7,askcomputerscience
431,2019-05-21 13:33:17.956389,8,askcomputerscience
432,2019-05-20 13:33:18.994624,9,askcomputerscience
433,2019-05-19 13:33:20.181395,18,askcomputerscience
434,2019-05-18 13:33:24.022449,11,askcomputerscience
435,2019-05-17 13:33:25.553236,6,askcomputerscience
436,2019-05-16 13:33:26.973697,16,askcomputerscience
437,2019-05-15 13:33:28.011695,12,askcomputerscience
438,2019-05-14 13:33:29.130418,16,askcomputerscience
439,2019-05-13 13:33:30.135872,11,askcomputerscience
440,2019-05-12 13:33:31.157525,10,askcomputerscience
441,2019-05-11 13:33:32.152716,9,askcomputerscience
442,2019-05-10 13:33:35.401715,6,askcomputerscience
443,2019-05-09 13:33:36.447513,12,askcomputerscience
444,2019-05-08 13:33:37.526542,18,askcomputerscience
445,2019-05-07 13:33:38.718199,10,askcomputerscience
446,2019-05-06 13:33:40.199063,13,askcomputerscience
447,2019-05-05 13:33:41.249213,16,askcomputerscience
448,2019-05-04 13:33:42.760936,8,askcomputerscience
449,2019-05-03 13:33:46.238485,13,askcomputerscience
450,2019-07-31 13:33:47.675947,31,askculinary
451,2019-07-30 13:33:49.314514,29,askculinary
452,2019-07-29 13:33:50.533956,34,askculinary
453,2019-07-28 13:33:51.874276,29,askculinary
454,2019-07-27 13:33:52.996927,31,askculinary
455,2019-07-26 13:33:54.435071,33,askculinary
456,2019-07-25 13:33:55.638357,60,askculinary
457,2019-07-24 13:33:56.892965,46,askculinary
458,2019-07-23 13:33:58.117922,36,askculinary
459,2019-07-22 13:33:59.329098,44,askculinary
460,2019-07-21 13:34:00.889760,39,askculinary
461,2019-07-20 13:34:02.318721,34,askculinary
462,2019-07-19 13:34:05.902586,30,askculinary
463,2019-07-18 13:34:07.224156,38,askculinary
464,2019-07-17 13:34:08.572483,29,askculinary
465,2019-07-16 13:34:10.097986,43,askculinary
466,2019-07-15 13:34:11.325891,44,askculinary
467,2019-07-14 13:34:12.719497,30,askculinary
468,2019-07-13 13:34:13.992085,33,askculinary
469,2019-07-12 13:34:15.383856,34,askculinary
470,2019-07-11 13:34:16.524244,26,askculinary
471,2019-07-10 13:34:17.883039,29,askculinary
472,2019-07-09 13:34:18.948368,28,askculinary
473,2019-07-08 13:34:22.455206,34,askculinary
474,2019-07-07 13:34:24.027270,44,askculinary
475,2019-07-06 13:34:25.422699,29,askculinary
476,2019-07-05 13:34:26.958480,27,askculinary
477,2019-07-04 13:34:28.317653,31,askculinary
478,2019-07-03 13:34:29.673038,28,askculinary
479,2019-07-02 13:34:31.064010,23,askculinary
480,2019-07-01 13:34:32.217365,30,askculinary
481,2019-06-30 13:34:33.447510,39,askculinary
482,2019-06-29 13:34:34.759846,31,askculinary
483,2019-06-28 13:34:35.904958,22,askculinary
484,2019-06-27 13:34:37.441676,30,askculinary
485,2019-06-26 13:34:38.669607,47,askculinary
486,2019-06-25 13:34:40.103114,35,askculinary
487,2019-06-24 13:34:41.259011,31,askculinary
488,2019-06-23 13:34:42.835458,35,askculinary
489,2019-06-22 13:34:44.268104,23,askculinary
490,2019-06-21 13:34:48.126275,24,askculinary
491,2019-06-20 13:34:49.421469,40,askculinary
492,2019-06-19 13:34:50.753722,36,askculinary
493,2019-06-18 13:34:51.980997,31,askculinary
494,2019-06-17 13:34:53.305220,40,askculinary
495,2019-06-16 13:34:54.723021,34,askculinary
496,2019-06-15 13:34:56.178568,30,askculinary
497,2019-06-14 13:34:57.524262,25,askculinary
498,2019-06-13 13:34:59.058204,41,askculinary
499,2019-06-12 13:35:00.134296,23,askculinary
500,2019-06-11 13:35:01.811589,47,askculinary
501,2019-06-10 13:35:03.347109,45,askculinary
502,2019-06-09 13:35:04.522442,31,askculinary
503,2019-06-08 13:35:05.987041,30,askculinary
504,2019-06-07 13:35:07.158865,35,askculinary
505,2019-06-06 13:35:08.364598,31,askculinary
506,2019-06-05 13:35:11.648148,35,askculinary
507,2019-06-04 13:35:12.816264,33,askculinary
508,2019-06-03 13:35:14.587461,47,askculinary
509,2019-06-02 13:35:15.719698,34,askculinary
510,2019-06-01 13:35:16.863751,26,askculinary
511,2019-05-31 13:35:18.092672,26,askculinary
512,2019-05-30 13:35:19.425271,34,askculinary
513,2019-05-29 13:35:20.691740,32,askculinary
514,2019-05-28 13:35:22.190434,38,askculinary
515,2019-05-27 13:35:23.748461,29,askculinary
516,2019-05-26 13:35:24.850897,27,askculinary
517,2019-05-25 13:35:28.479359,36,askculinary
518,2019-05-24 13:35:29.579957,19,askculinary
519,2019-05-23 13:35:30.832125,29,askculinary
520,2019-05-22 13:35:32.142492,31,askculinary
521,2019-05-21 13:35:33.656752,35,askculinary
522,2019-05-20 13:35:34.967302,45,askculinary
523,2019-05-19 13:35:36.191355,35,askculinary
524,2019-05-18 13:35:37.752227,32,askculinary
525,2019-05-17 13:35:39.147899,22,askculinary
526,2019-05-16 13:35:40.540403,37,askculinary
527,2019-05-15 13:35:42.155873,31,askculinary
528,2019-05-14 13:35:43.691824,25,askculinary
529,2019-05-13 13:35:45.291102,42,askculinary
530,2019-05-12 13:35:46.867025,35,askculinary
531,2019-05-11 13:35:48.407875,25,askculinary
532,2019-05-10 13:35:49.836028,33,askculinary
533,2019-05-09 13:35:51.030468,35,askculinary
534,2019-05-08 13:35:53.521875,37,askculinary
535,2019-05-07 13:35:54.800877,49,askculinary
536,2019-05-06 13:35:56.287663,42,askculinary
537,2019-05-05 13:35:58.438292,38,askculinary
538,2019-05-04 13:35:59.870320,20,askculinary
539,2019-05-03 13:36:01.038488,30,askculinary
540,2019-07-31 13:36:02.335044,6,trueaskreddit
541,2019-07-30 13:36:03.863728,10,trueaskreddit
542,2019-07-29 13:36:04.580774,4,trueaskreddit
543,2019-07-28 13:36:05.904669,10,trueaskreddit
544,2019-07-27 13:36:07.219595,8,trueaskreddit
545,2019-07-26 13:36:11.730766,9,trueaskreddit
546,2019-07-25 13:36:12.969522,6,trueaskreddit
547,2019-07-24 13:36:13.976328,7,trueaskreddit
548,2019-07-23 13:36:14.669602,4,trueaskreddit
549,2019-07-22 13:36:15.983457,10,trueaskreddit
550,2019-07-21 13:36:16.877588,4,trueaskreddit
551,2019-07-20 13:36:18.123461,7,trueaskreddit
552,2019-07-19 13:36:19.293752,5,trueaskreddit
553,2019-07-18 13:36:22.807325,6,trueaskreddit
554,2019-07-17 13:36:23.831356,14,trueaskreddit
555,2019-07-16 13:36:25.026251,8,trueaskreddit
556,2019-07-15 13:36:26.084281,9,trueaskreddit
557,2019-07-14 13:36:27.196740,9,trueaskreddit
558,2019-07-13 13:36:28.619651,6,trueaskreddit
559,2019-07-12 13:36:29.718968,12,trueaskreddit
560,2019-07-11 13:36:32.940203,6,trueaskreddit
561,2019-07-10 13:36:34.275158,4,trueaskreddit
562,2019-07-09 13:36:35.299674,6,trueaskreddit
563,2019-07-08 13:36:36.600922,6,trueaskreddit
564,2019-07-07 13:36:37.972100,8,trueaskreddit
565,2019-07-06 13:36:39.267106,7,trueaskreddit
566,2019-07-05 13:36:40.688097,7,trueaskreddit
567,2019-07-04 13:36:41.629313,3,trueaskreddit
568,2019-07-03 13:36:45.267295,4,trueaskreddit
569,2019-07-02 13:36:46.768297,4,trueaskreddit
570,2019-07-01 13:36:48.201766,12,trueaskreddit
571,2019-06-30 13:36:49.636385,10,trueaskreddit
572,2019-06-29 13:36:50.660065,5,trueaskreddit
573,2019-06-28 13:36:51.580752,3,trueaskreddit
574,2019-06-27 13:36:52.965175,11,trueaskreddit
575,2019-06-26 13:36:54.223344,6,trueaskreddit
576,2019-06-25 13:36:55.340062,10,trueaskreddit
577,2019-06-24 13:36:58.564763,5,trueaskreddit
578,2019-06-23 13:36:59.955283,6,trueaskreddit
579,2019-06-22 13:37:01.080995,7,trueaskreddit
580,2019-06-21 13:37:02.538659,7,trueaskreddit
581,2019-06-20 13:37:03.610682,7,trueaskreddit
582,2019-06-19 13:37:04.954308,5,trueaskreddit
583,2019-06-18 13:37:06.345713,9,trueaskreddit
584,2019-06-17 13:37:07.361316,8,trueaskreddit
585,2019-06-16 13:37:10.960679,5,trueaskreddit
586,2019-06-15 13:37:12.367981,6,trueaskreddit
587,2019-06-14 13:37:13.341985,3,trueaskreddit
588,2019-06-13 13:37:14.108421,4,trueaskreddit
589,2019-06-12 13:37:15.105406,11,trueaskreddit
590,2019-06-11 13:37:18.473530,3,trueaskreddit
591,2019-06-10 13:37:19.534970,9,trueaskreddit
592,2019-06-09 13:37:20.560680,5,trueaskreddit
593,2019-06-08 13:37:21.890327,3,trueaskreddit
594,2019-06-07 13:37:23.159650,6,trueaskreddit
595,2019-06-06 13:37:24.451137,9,trueaskreddit
596,2019-06-05 13:37:25.576424,6,trueaskreddit
597,2019-06-04 13:37:29.089326,6,trueaskreddit
598,2019-06-03 13:37:30.414729,5,trueaskreddit
599,2019-06-02 13:37:31.618981,8,trueaskreddit
600,2019-06-01 13:37:32.639385,3,trueaskreddit
601,2019-05-31 13:37:33.869933,3,trueaskreddit
602,2019-05-30 13:37:34.939909,4,trueaskreddit
603,2019-05-29 13:37:36.430747,7,trueaskreddit
604,2019-05-28 13:37:37.962910,8,trueaskreddit
605,2019-05-27 13:37:38.977291,7,trueaskreddit
606,2019-05-26 13:37:40.323053,7,trueaskreddit
607,2019-05-25 13:37:41.755457,6,trueaskreddit
608,2019-05-24 13:37:45.441503,3,trueaskreddit
609,2019-05-23 13:37:46.568349,7,trueaskreddit
610,2019-05-22 13:37:47.313639,8,trueaskreddit
611,2019-05-21 13:37:48.581805,6,trueaskreddit
612,2019-05-20 13:37:50.050354,7,trueaskreddit
613,2019-05-19 13:37:51.685056,6,trueaskreddit
614,2019-05-18 13:37:52.956542,8,trueaskreddit
615,2019-05-17 13:37:54.253230,2,trueaskreddit
616,2019-05-16 13:37:55.183043,5,trueaskreddit
617,2019-05-15 13:37:58.966376,6,trueaskreddit
618,2019-05-14 13:37:59.934232,5,trueaskreddit
619,2019-05-13 13:38:01.025763,10,trueaskreddit
620,2019-05-12 13:38:02.438823,5,trueaskreddit
621,2019-05-11 13:38:03.770549,11,trueaskreddit
622,2019-05-10 13:38:05.105710,9,trueaskreddit
623,2019-05-09 13:38:06.433544,7,trueaskreddit
624,2019-05-08 13:38:07.460578,11,trueaskreddit
625,2019-05-07 13:38:08.890025,9,trueaskreddit
626,2019-05-06 13:38:10.322586,11,trueaskreddit
627,2019-05-05 13:38:11.963293,7,trueaskreddit
628,2019-05-04 13:38:15.219200,10,trueaskreddit
629,2019-05-03 13:38:16.549968,5,trueaskreddit
630,2019-07-31 13:38:17.593943,5,asksocialscience
631,2019-07-30 13:38:18.823731,6,asksocialscience
632,2019-07-29 13:38:20.116779,7,asksocialscience
633,2019-07-28 13:38:21.456164,11,asksocialscience
634,2019-07-27 13:38:22.826299,2,asksocialscience
635,2019-07-26 13:38:24.123977,6,asksocialscience
636,2019-07-25 13:38:25.216642,8,asksocialscience
637,2019-07-24 13:38:26.946063,3,asksocialscience
638,2019-07-23 13:38:28.448047,8,asksocialscience
639,2019-07-22 13:38:31.824920,6,asksocialscience
640,2019-07-21 13:38:33.111739,7,asksocialscience
641,2019-07-20 13:38:34.080595,3,asksocialscience
642,2019-07-19 13:38:35.106919,4,asksocialscience
643,2019-07-18 13:38:36.125605,6,asksocialscience
644,2019-07-17 13:38:37.360212,3,asksocialscience
645,2019-07-16 13:38:38.638707,9,asksocialscience
646,2019-07-15 13:38:41.964486,4,asksocialscience
647,2019-07-14 13:38:43.117645,7,asksocialscience
648,2019-07-13 13:38:44.421912,6,asksocialscience
649,2019-07-12 13:38:45.753799,5,asksocialscience
650,2019-07-11 13:38:46.939167,10,asksocialscience
651,2019-07-10 13:38:48.314543,5,asksocialscience
652,2019-07-09 13:38:49.358259,7,asksocialscience
653,2019-07-08 13:38:50.872991,4,asksocialscience
654,2019-07-07 13:38:52.120749,6,asksocialscience
655,2019-07-06 13:38:55.809483,6,asksocialscience
656,2019-07-05 13:38:56.971475,5,asksocialscience
657,2019-07-04 13:38:58.236418,9,asksocialscience
658,2019-07-03 13:38:59.527798,4,asksocialscience
659,2019-07-02 13:39:00.970258,5,asksocialscience
660,2019-07-01 13:39:02.034136,4,asksocialscience
661,2019-06-30 13:39:03.132485,8,asksocialscience
662,2019-06-29 13:39:06.214390,3,asksocialscience
663,2019-06-28 13:39:07.867251,5,asksocialscience
664,2019-06-27 13:39:08.892513,5,asksocialscience
665,2019-06-26 13:39:10.021328,9,asksocialscience
666,2019-06-25 13:39:11.330562,2,asksocialscience
667,2019-06-24 13:39:12.376588,5,asksocialscience
668,2019-06-23 13:39:13.809708,5,asksocialscience
669,2019-06-22 13:39:14.831288,7,asksocialscience
670,2019-06-21 13:39:18.520680,9,asksocialscience
671,2019-06-20 13:39:19.851028,6,asksocialscience
672,2019-06-19 13:39:20.875514,3,asksocialscience
673,2019-06-18 13:39:21.960031,5,asksocialscience
674,2019-06-17 13:39:23.220652,6,asksocialscience
675,2019-06-16 13:39:23.960103,6,asksocialscience
676,2019-06-15 13:39:27.500376,8,asksocialscience
677,2019-06-14 13:39:28.409152,3,asksocialscience
678,2019-06-13 13:39:29.473434,10,asksocialscience
679,2019-06-12 13:39:30.808107,9,asksocialscience
680,2019-06-11 13:39:32.044382,4,asksocialscience
681,2019-06-10 13:39:33.042789,4,asksocialscience
682,2019-06-09 13:39:36.436318,5,asksocialscience
683,2019-06-08 13:39:37.524269,7,asksocialscience
684,2019-06-07 13:39:38.542750,8,asksocialscience
685,2019-06-06 13:39:39.921049,8,asksocialscience
686,2019-06-05 13:39:41.138700,3,asksocialscience
687,2019-06-04 13:39:42.562136,11,asksocialscience
688,2019-06-03 13:39:43.988388,8,asksocialscience
689,2019-06-02 13:39:45.306077,5,asksocialscience
690,2019-06-01 13:39:46.380058,6,asksocialscience
691,2019-05-31 13:39:49.505008,4,asksocialscience
692,2019-05-30 13:39:50.644322,14,asksocialscience
693,2019-05-29 13:39:51.799063,8,asksocialscience
694,2019-05-28 13:39:52.547328,6,asksocialscience
695,2019-05-27 13:39:56.098680,6,asksocialscience
696,2019-05-26 13:39:57.191766,4,asksocialscience
697,2019-05-25 13:39:58.520657,12,asksocialscience
698,2019-05-24 13:39:59.888595,6,asksocialscience
699,2019-05-23 13:40:01.209544,6,asksocialscience
700,2019-05-22 13:40:02.361197,11,asksocialscience
701,2019-05-21 13:40:03.367642,9,asksocialscience
702,2019-05-20 13:40:04.598734,4,asksocialscience
703,2019-05-19 13:40:07.971291,3,asksocialscience
704,2019-05-18 13:40:09.309872,5,asksocialscience
705,2019-05-17 13:40:10.333962,10,asksocialscience
706,2019-05-16 13:40:11.705780,6,asksocialscience
707,2019-05-15 13:40:12.717421,9,asksocialscience
708,2019-05-14 13:40:14.119690,5,asksocialscience
709,2019-05-13 13:40:15.219369,9,asksocialscience
710,2019-05-12 13:40:16.139825,9,asksocialscience
711,2019-05-11 13:40:19.546420,6,asksocialscience
712,2019-05-10 13:40:20.675425,9,asksocialscience
713,2019-05-09 13:40:21.782417,11,asksocialscience
714,2019-05-08 13:40:22.894250,10,asksocialscience
715,2019-05-07 13:40:24.290410,7,asksocialscience
716,2019-05-06 13:40:25.590745,12,asksocialscience
717,2019-05-05 13:40:27.059561,6,asksocialscience
718,2019-05-04 13:40:28.467769,8,asksocialscience
719,2019-05-03 13:40:31.795241,5,asksocialscience
720,2019-07-31 13:40:33.042849,41,askengineers
721,2019-07-30 13:40:34.157725,37,askengineers
722,2019-07-29 13:40:35.613153,58,askengineers
723,2019-07-28 13:40:36.853619,42,askengineers
724,2019-07-27 13:40:38.253516,28,askengineers
725,2019-07-26 13:40:39.574540,26,askengineers
726,2019-07-25 13:40:40.847449,49,askengineers
727,2019-07-24 13:40:42.077005,41,askengineers
728,2019-07-23 13:40:45.864823,47,askengineers
729,2019-07-22 13:40:47.298585,63,askengineers
730,2019-07-21 13:40:48.921979,51,askengineers
731,2019-07-20 13:40:50.411313,38,askengineers
732,2019-07-19 13:40:51.920159,33,askengineers
733,2019-07-18 13:40:53.230440,58,askengineers
734,2019-07-17 13:40:54.465888,47,askengineers
735,2019-07-16 13:40:56.001935,55,askengineers
736,2019-07-15 13:40:57.679194,59,askengineers
737,2019-07-14 13:40:58.964287,49,askengineers
738,2019-07-13 13:41:00.144556,50,askengineers
739,2019-07-12 13:41:01.532189,32,askengineers
740,2019-07-11 13:41:03.070278,55,askengineers
741,2019-07-10 13:41:04.500796,55,askengineers
742,2019-07-09 13:41:05.737878,51,askengineers
743,2019-07-08 13:41:07.262894,52,askengineers
744,2019-07-07 13:41:08.640100,52,askengineers
745,2019-07-06 13:41:10.126713,37,askengineers
746,2019-07-05 13:41:11.361518,33,askengineers
747,2019-07-04 13:41:13.113961,49,askengineers
748,2019-07-03 13:41:14.578886,50,askengineers
749,2019-07-02 13:41:15.868292,49,askengineers
750,2019-07-01 13:41:17.193551,58,askengineers
751,2019-06-30 13:41:18.941013,46,askengineers
752,2019-06-29 13:41:20.476078,35,askengineers
753,2019-06-28 13:41:21.908221,21,askengineers
754,2019-06-27 13:41:23.204911,43,askengineers
755,2019-06-26 13:41:24.878169,52,askengineers
756,2019-06-25 13:41:26.307555,53,askengineers
757,2019-06-24 13:41:27.961434,63,askengineers
758,2019-06-23 13:41:29.293854,43,askengineers
759,2019-06-22 13:41:30.518465,44,askengineers
760,2019-06-21 13:41:31.941858,41,askengineers
761,2019-06-20 13:41:33.171886,50,askengineers
762,2019-06-19 13:41:34.365160,56,askengineers
763,2019-06-18 13:41:38.113166,57,askengineers
764,2019-06-17 13:41:39.615795,47,askengineers
765,2019-06-16 13:41:40.848612,54,askengineers
766,2019-06-15 13:41:42.284959,29,askengineers
767,2019-06-14 13:41:43.415967,28,askengineers
768,2019-06-13 13:41:44.420368,49,askengineers
769,2019-06-12 13:41:45.765360,59,askengineers
770,2019-06-11 13:41:46.983725,58,askengineers
771,2019-06-10 13:41:48.575639,43,askengineers
772,2019-06-09 13:41:50.219719,57,askengineers
773,2019-06-08 13:41:51.771505,35,askengineers
774,2019-06-07 13:41:53.119151,35,askengineers
775,2019-06-06 13:41:54.367676,38,askengineers
776,2019-06-05 13:41:55.670909,49,askengineers
777,2019-06-04 13:41:57.178582,52,askengineers
778,2019-06-03 13:41:58.915362,52,askengineers
779,2019-06-02 13:42:00.613049,52,askengineers
780,2019-06-01 13:42:02.047688,36,askengineers
781,2019-05-31 13:42:03.327475,47,askengineers
782,2019-05-30 13:42:04.916163,42,askengineers
783,2019-05-29 13:42:05.937466,50,askengineers
784,2019-05-28 13:42:07.679915,60,askengineers
785,2019-05-27 13:42:09.080814,68,askengineers
786,2019-05-26 13:42:10.444316,37,askengineers
787,2019-05-25 13:42:11.979105,34,askengineers
788,2019-05-24 13:42:13.721092,35,askengineers
789,2019-05-23 13:42:14.962379,40,askengineers
790,2019-05-22 13:42:16.633749,50,askengineers
791,2019-05-21 13:42:18.125791,73,askengineers
792,2019-05-20 13:42:19.557692,46,askengineers
793,2019-05-19 13:42:22.937345,36,askengineers
794,2019-05-18 13:42:24.271937,29,askengineers
795,2019-05-17 13:42:25.848444,28,askengineers
796,2019-05-16 13:42:27.134837,49,askengineers
797,2019-05-15 13:42:28.465924,37,askengineers
798,2019-05-14 13:42:29.757719,36,askengineers
799,2019-05-13 13:42:31.467407,39,askengineers
800,2019-05-12 13:42:32.656992,38,askengineers
801,2019-05-11 13:42:33.735601,29,askengineers
802,2019-05-10 13:42:35.041742,35,askengineers
803,2019-05-09 13:42:36.350817,51,askengineers
804,2019-05-08 13:42:37.912755,54,askengineers
805,2019-05-07 13:42:39.829515,49,askengineers
806,2019-05-06 13:42:41.675722,46,askengineers
807,2019-05-05 13:42:43.347644,35,askengineers
808,2019-05-04 13:42:44.747390,33,askengineers
809,2019-05-03 13:42:46.077910,35,askengineers
810,2019-07-31 13:42:47.207690,29,askphilosophy
811,2019-07-30 13:42:48.513111,51,askphilosophy
812,2019-07-29 13:42:50.072834,58,askphilosophy
813,2019-07-28 13:42:51.101018,57,askphilosophy
814,2019-07-27 13:42:52.324399,38,askphilosophy
815,2019-07-26 13:42:55.912896,40,askphilosophy
816,2019-07-25 13:42:56.957213,45,askphilosophy
817,2019-07-24 13:42:58.136333,46,askphilosophy
818,2019-07-23 13:42:59.532072,41,askphilosophy
819,2019-07-22 13:43:01.010122,39,askphilosophy
820,2019-07-21 13:43:02.257172,38,askphilosophy
821,2019-07-20 13:43:03.977900,42,askphilosophy
822,2019-07-19 13:43:05.217052,44,askphilosophy
823,2019-07-18 13:43:06.795903,43,askphilosophy
824,2019-07-17 13:43:08.176365,42,askphilosophy
825,2019-07-16 13:43:09.551365,55,askphilosophy
826,2019-07-15 13:43:10.722757,31,askphilosophy
827,2019-07-14 13:43:11.982907,49,askphilosophy
828,2019-07-13 13:43:13.317195,26,askphilosophy
829,2019-07-12 13:43:17.060013,42,askphilosophy
830,2019-07-11 13:43:18.540339,40,askphilosophy
831,2019-07-10 13:43:20.070028,46,askphilosophy
832,2019-07-09 13:43:21.677843,49,askphilosophy
833,2019-07-08 13:43:23.160569,43,askphilosophy
834,2019-07-07 13:43:24.786218,42,askphilosophy
835,2019-07-06 13:43:26.217427,47,askphilosophy
836,2019-07-05 13:43:27.392954,36,askphilosophy
837,2019-07-04 13:43:28.675259,37,askphilosophy
838,2019-07-03 13:43:29.803109,31,askphilosophy
839,2019-07-02 13:43:31.015979,47,askphilosophy
840,2019-07-01 13:43:32.451207,47,askphilosophy
841,2019-06-30 13:43:33.668641,49,askphilosophy
842,2019-06-29 13:43:35.109187,46,askphilosophy
843,2019-06-28 13:43:36.346186,39,askphilosophy
844,2019-06-27 13:43:37.581720,30,askphilosophy
845,2019-06-26 13:43:39.097376,35,askphilosophy
846,2019-06-25 13:43:40.688731,37,askphilosophy
847,2019-06-24 13:43:44.226277,38,askphilosophy
848,2019-06-23 13:43:45.980446,48,askphilosophy
849,2019-06-22 13:43:47.300545,43,askphilosophy
850,2019-06-21 13:43:48.572396,37,askphilosophy
851,2019-06-20 13:43:49.975300,47,askphilosophy
852,2019-06-19 13:43:51.431398,37,askphilosophy
853,2019-06-18 13:43:52.698746,43,askphilosophy
854,2019-06-17 13:43:54.173429,32,askphilosophy
855,2019-06-16 13:43:55.735413,44,askphilosophy
856,2019-06-15 13:43:56.983231,37,askphilosophy
857,2019-06-14 13:43:57.886297,45,askphilosophy
858,2019-06-13 13:43:59.087206,34,askphilosophy
859,2019-06-12 13:44:00.281382,45,askphilosophy
860,2019-06-11 13:44:01.533162,50,askphilosophy
861,2019-06-10 13:44:03.081389,39,askphilosophy
862,2019-06-09 13:44:04.616489,53,askphilosophy
863,2019-06-08 13:44:06.169616,44,askphilosophy
864,2019-06-07 13:44:07.380942,33,askphilosophy
865,2019-06-06 13:44:10.988271,47,askphilosophy
866,2019-06-05 13:44:12.296761,49,askphilosophy
867,2019-06-04 13:44:13.626911,34,askphilosophy
868,2019-06-03 13:44:15.139508,49,askphilosophy
869,2019-06-02 13:44:16.387916,48,askphilosophy
870,2019-06-01 13:44:17.370116,47,askphilosophy
871,2019-05-31 13:44:18.945217,42,askphilosophy
872,2019-05-30 13:44:20.375448,47,askphilosophy
873,2019-05-29 13:44:21.613533,38,askphilosophy
874,2019-05-28 13:44:23.156872,44,askphilosophy
875,2019-05-27 13:44:24.071886,58,askphilosophy
876,2019-05-26 13:44:27.759043,35,askphilosophy
877,2019-05-25 13:44:28.948505,42,askphilosophy
878,2019-05-24 13:44:29.701623,41,askphilosophy
879,2019-05-23 13:44:31.129812,40,askphilosophy
880,2019-05-22 13:44:32.571208,54,askphilosophy
881,2019-05-21 13:44:33.902229,34,askphilosophy
882,2019-05-20 13:44:35.394196,41,askphilosophy
883,2019-05-19 13:44:36.584332,60,askphilosophy
884,2019-05-18 13:44:37.793179,46,askphilosophy
885,2019-05-17 13:44:39.291779,45,askphilosophy
886,2019-05-16 13:44:40.947769,43,askphilosophy
887,2019-05-15 13:44:42.196888,44,askphilosophy
888,2019-05-14 13:44:43.649684,44,askphilosophy
889,2019-05-13 13:44:46.087372,55,askphilosophy
890,2019-05-12 13:44:47.509887,56,askphilosophy
891,2019-05-11 13:44:48.916991,38,askphilosophy
892,2019-05-10 13:44:50.490475,47,askphilosophy
893,2019-05-09 13:44:51.514359,38,askphilosophy
894,2019-05-08 13:44:53.000203,54,askphilosophy
895,2019-05-07 13:44:54.460230,53,askphilosophy
896,2019-05-06 13:44:55.660323,47,askphilosophy
897,2019-05-05 13:44:56.952476,42,askphilosophy
898,2019-05-04 13:44:58.579657,54,askphilosophy
899,2019-05-03 13:45:00.014864,42,askphilosophy
