,hour,doc_count,subreddit
0,0,0.4943820224719101,askcomputerscience
1,1,0.4943820224719101,askcomputerscience
2,2,0.4888888888888889,askcomputerscience
3,3,0.4111111111111111,askcomputerscience
4,4,0.3888888888888889,askcomputerscience
5,5,0.3555555555555556,askcomputerscience
6,6,0.43333333333333335,askcomputerscience
7,7,0.3888888888888889,askcomputerscience
8,8,0.2111111111111111,askcomputerscience
9,9,0.34444444444444444,askcomputerscience
10,10,0.3111111111111111,askcomputerscience
11,11,0.43333333333333335,askcomputerscience
12,12,0.4,askcomputerscience
13,13,0.5555555555555556,askcomputerscience
14,14,0.4666666666666667,askcomputerscience
15,15,0.5666666666666667,askcomputerscience
16,16,0.5111111111111111,askcomputerscience
17,17,0.6666666666666666,askcomputerscience
18,18,0.6555555555555556,askcomputerscience
19,19,0.5333333333333333,askcomputerscience
20,20,0.43333333333333335,askcomputerscience
21,21,0.4777777777777778,askcomputerscience
22,22,0.4157303370786517,askcomputerscience
23,23,0.4382022471910113,askcomputerscience
24,0,1.6777777777777778,askculinary
25,1,1.6222222222222222,askculinary
26,2,1.4,askculinary
27,3,1.4555555555555555,askculinary
28,4,1.1,askculinary
29,5,0.8666666666666667,askculinary
30,6,0.7666666666666667,askculinary
31,7,0.6222222222222222,askculinary
32,8,0.5666666666666667,askculinary
33,9,0.6111111111111112,askculinary
34,10,0.6444444444444445,askculinary
35,11,0.8111111111111111,askculinary
36,12,1.022222222222222,askculinary
37,13,1.4444444444444444,askculinary
38,14,1.4222222222222225,askculinary
39,15,1.9888888888888892,askculinary
40,16,1.9666666666666663,askculinary
41,17,1.8666666666666667,askculinary
42,18,1.8777777777777775,askculinary
43,19,2.1555555555555554,askculinary
44,20,2.0,askculinary
45,21,1.8,askculinary
46,22,1.8876404494382024,askculinary
47,23,1.9666666666666663,askculinary
48,0,2.033333333333333,askengineers
49,1,1.8444444444444448,askengineers
50,2,1.8444444444444448,askengineers
51,3,1.7222222222222223,askengineers
52,4,1.5444444444444445,askengineers
53,5,1.2666666666666666,askengineers
54,6,1.1333333333333333,askengineers
55,7,1.0666666666666669,askengineers
56,8,0.8777777777777778,askengineers
57,9,1.0111111111111108,askengineers
58,10,1.1444444444444444,askengineers
59,11,1.5,askengineers
60,12,1.5111111111111108,askengineers
61,13,2.0444444444444443,askengineers
62,14,2.4444444444444446,askengineers
63,15,2.5444444444444443,askengineers
64,16,2.7111111111111112,askengineers
65,17,2.5888888888888895,askengineers
66,18,2.5444444444444443,askengineers
67,19,2.811111111111111,askengineers
68,20,2.3,askengineers
69,21,2.1333333333333333,askengineers
70,22,2.4065934065934065,askengineers
71,23,2.0444444444444443,askengineers
72,0,7.4222222222222225,askhistorians
73,1,7.188888888888888,askhistorians
74,2,6.911111111111111,askhistorians
75,3,6.377777777777778,askhistorians
76,4,5.666666666666668,askhistorians
77,5,4.966666666666667,askhistorians
78,6,4.0777777777777775,askhistorians
79,7,3.6222222222222222,askhistorians
80,8,4.0777777777777775,askhistorians
81,9,4.177777777777779,askhistorians
82,10,5.4444444444444455,askhistorians
83,11,5.066666666666666,askhistorians
84,12,6.211111111111111,askhistorians
85,13,7.144444444444446,askhistorians
86,14,8.366666666666667,askhistorians
87,15,8.911111111111111,askhistorians
88,16,9.344444444444443,askhistorians
89,17,8.61111111111111,askhistorians
90,18,9.244444444444444,askhistorians
91,19,8.811111111111114,askhistorians
92,20,8.566666666666666,askhistorians
93,21,8.433333333333334,askhistorians
94,22,7.978021978021977,askhistorians
95,23,7.9222222222222225,askhistorians
96,0,2.033333333333333,askphilosophy
97,1,1.6333333333333333,askphilosophy
98,2,1.5111111111111108,askphilosophy
99,3,1.5777777777777775,askphilosophy
100,4,1.4555555555555555,askphilosophy
101,5,1.4333333333333331,askphilosophy
102,6,1.1777777777777778,askphilosophy
103,7,1.1666666666666667,askphilosophy
104,8,1.022222222222222,askphilosophy
105,9,1.3222222222222222,askphilosophy
106,10,1.6222222222222222,askphilosophy
107,11,1.4444444444444444,askphilosophy
108,12,1.3888888888888888,askphilosophy
109,13,1.7,askphilosophy
110,14,1.9666666666666663,askphilosophy
111,15,2.4111111111111105,askphilosophy
112,16,2.2333333333333334,askphilosophy
113,17,2.2777777777777777,askphilosophy
114,18,2.3,askphilosophy
115,19,2.8222222222222224,askphilosophy
116,20,2.433333333333333,askphilosophy
117,21,2.4777777777777783,askphilosophy
118,22,2.2022471910112356,askphilosophy
119,23,2.0444444444444443,askphilosophy
120,0,703.4222222222223,askreddit
121,1,690.0333333333333,askreddit
122,2,680.0666666666667,askreddit
123,3,631.9666666666667,askreddit
124,4,576.8555555555556,askreddit
125,5,513.6444444444444,askreddit
126,6,455.1555555555556,askreddit
127,7,399.4888888888889,askreddit
128,8,369.33333333333326,askreddit
129,9,367.56666666666666,askreddit
130,10,392.7,askreddit
131,11,456.18888888888887,askreddit
132,12,520.6111111111112,askreddit
133,13,581.8888888888888,askreddit
134,14,644.4,askreddit
135,15,682.6111111111112,askreddit
136,16,704.9111111111113,askreddit
137,17,734.1555555555556,askreddit
138,18,745.7666666666668,askreddit
139,19,760.5111111111112,askreddit
140,20,771.8777777777777,askreddit
141,21,767.8333333333335,askreddit
142,22,747.934065934066,askreddit
143,23,734.7777777777777,askreddit
144,0,16.3,askscience
145,1,15.377777777777776,askscience
146,2,14.833333333333336,askscience
147,3,15.022222222222224,askscience
148,4,13.611111111111109,askscience
149,5,11.711111111111109,askscience
150,6,9.855555555555558,askscience
151,7,9.455555555555557,askscience
152,8,9.388888888888891,askscience
153,9,9.055555555555557,askscience
154,10,9.711111111111109,askscience
155,11,11.622222222222224,askscience
156,12,13.677777777777774,askscience
157,13,14.822222222222226,askscience
158,14,16.588888888888892,askscience
159,15,17.933333333333334,askscience
160,16,18.588888888888892,askscience
161,17,18.83333333333333,askscience
162,18,18.766666666666666,askscience
163,19,18.944444444444443,askscience
164,20,19.288888888888884,askscience
165,21,17.777777777777782,askscience
166,22,17.0,askscience
167,23,17.522222222222222,askscience
168,0,0.24719101123595505,asksocialscience
169,1,0.12359550561797752,asksocialscience
170,2,0.15730337078651685,asksocialscience
171,3,0.2111111111111111,asksocialscience
172,4,0.17777777777777778,asksocialscience
173,5,0.24444444444444444,asksocialscience
174,6,0.13333333333333333,asksocialscience
175,7,0.16666666666666666,asksocialscience
176,8,0.26666666666666666,asksocialscience
177,9,0.18888888888888888,asksocialscience
178,10,0.2222222222222222,asksocialscience
179,11,0.25555555555555554,asksocialscience
180,12,0.3333333333333333,asksocialscience
181,13,0.32222222222222224,asksocialscience
182,14,0.8111111111111111,asksocialscience
183,15,0.3111111111111111,asksocialscience
184,16,0.3555555555555556,asksocialscience
185,17,0.2888888888888889,asksocialscience
186,18,0.34444444444444444,asksocialscience
187,19,0.2222222222222222,asksocialscience
188,20,0.24444444444444444,asksocialscience
189,21,0.2808988764044944,asksocialscience
190,22,0.3258426966292135,asksocialscience
191,23,0.2359550561797753,asksocialscience
192,0,0.2888888888888889,trueaskreddit
193,1,0.2888888888888889,trueaskreddit
194,2,0.3111111111111111,trueaskreddit
195,3,0.25555555555555554,trueaskreddit
196,4,0.2111111111111111,trueaskreddit
197,5,0.2111111111111111,trueaskreddit
198,6,0.2222222222222222,trueaskreddit
199,7,0.13333333333333333,trueaskreddit
200,8,0.18888888888888888,trueaskreddit
201,9,0.14444444444444446,trueaskreddit
202,10,0.2222222222222222,trueaskreddit
203,11,0.18888888888888888,trueaskreddit
204,12,0.2111111111111111,trueaskreddit
205,13,0.25555555555555554,trueaskreddit
206,14,0.3555555555555556,trueaskreddit
207,15,0.4,trueaskreddit
208,16,0.4,trueaskreddit
209,17,0.3888888888888889,trueaskreddit
210,18,0.3258426966292135,trueaskreddit
211,19,0.4382022471910113,trueaskreddit
212,20,0.3820224719101124,trueaskreddit
213,21,0.4157303370786517,trueaskreddit
214,22,0.25842696629213485,trueaskreddit
215,23,0.30337078651685395,trueaskreddit
